201883290222,M
201883290226,M
202013020001,F
202013020002,M
202013020003,F
202013020004,M
202013020005,F
202013020006,F
202013020007,M
202013020008,F
202013020009,M
202013020010,M
202013020011,F
202013020012,F
202013020013,F
202013020014,M
202013020015,F
202013020016,M
202013020017,F
202013020018,M
202013020019,M
202013020020,F
202013020021,F
202013020022,F
202013020023,F
202013020024,M
202013020025,F
202013020026,M
202013020027,F
202013020028,M
202013020029,F
202013020030,F
202013020031,F
202013020032,M
202013020033,M
202013020034,M
202013020035,M
202013020036,M
202013020037,M
202013020038,M
202013020039,F
202013020040,F
202013020041,M
202013020042,F
202013020043,F
202013020044,F
202013020045,M
202013020046,F
202013020047,F
202013020048,F
202013020049,M
202013020050,M
202013020051,F
202013020052,M
202013020053,M
202013020054,M
202013020055,F
202013020056,M
202013020057,F
202013020058,F
202013020059,M
202013020060,F
202013020061,F
202013020062,M
202013020063,F
202013020064,M
202013020065,F
202013020066,M
202013020067,M
202013020068,F
202013020069,F
202013020070,F
202013020071,M
202013020072,M
202013020073,F
202013020074,M
202013020075,M
202013020076,M
202013020077,F
202013020078,F
202013020079,M
202013020080,M
202013020081,F
202013020082,F
202013020083,F
202013020084,F
202013020085,M
202013020086,M
202013020087,M
202013020088,M
202013020089,F
202013020090,F
202013020091,M
202013020092,F
202013020093,F
202013020094,M
202013020095,F
202013020096,M
202013020097,M
202013020098,M
202013020099,F
202013020100,M
202013020101,F
202013020102,F
202013020103,F
202013020104,M
202013020105,F
202013020106,M
202013020107,F
202013020108,F
202013020109,F
202013020110,M
202013020111,M
202013020112,F
202013020113,M
202013020114,M
202013020115,F
202013060001,M
202013060002,M
202013060003,M
202013060004,F
202013060005,F
202013060006,F
202013060007,M
202013060008,M
202013060009,M
202013060010,M
202013060011,M
202013060012,M
202013060013,M
202013060014,M
202013060015,M
202013060016,M
202013060017,M
202013060018,F
202013060019,M
202013060020,M
202013060021,F
202013060022,M
202013060023,F
202013060024,M
202013060025,M
202013060026,M
202013060027,M
202013060028,M
202013060029,M
202013060030,F
202013060031,M
202013060032,F
202013060033,M
202013060034,M
202013060035,M
202013060036,M
202013060037,F
202013060038,M
202013060039,M
202013070001,M
202013070002,F
202013070003,M
202013070004,M
202013070005,M
202013070006,M
202013070007,F
202013070008,F
202013070009,F
202013070010,M
202013070011,F
202013070012,F
202013070013,M
202013070014,F
202013070015,F
202013070016,M
202013070017,F
202013070018,F
202013070019,M
202013070020,F
202013070021,M
202013070022,F
202013070024,F
202013070025,F
202013070026,F
202013070028,M
202013070029,F
202013070030,F
202013070034,M
202013070035,F
202013070036,F
202013070037,M
202013070038,M
202013070039,M
202013070040,M
202013070041,F
202013070042,F
202013070043,F
202013070044,F
202013070045,M
202013070046,F
202013070047,M
202013070048,F
202013070049,M
202013070050,F
202013070051,M
202013070052,F
202013070053,M
202013070054,F
202013070055,F
202013070056,F
202013070057,M
202013070058,F
202013090001,M
202013090002,F
202013090003,M
202013090004,M
202013090005,M
202013090006,M
202013090007,F
202013090008,F
202013090009,M
202013090010,M
202013090011,M
202013090012,M
202013090013,F
202013090014,M
202013090015,F
202013090016,M
202013090017,M
202013090018,F
202013090019,F
202013090020,M
202013090021,M
202013090022,M
202013090023,M
202013090024,M
202013090025,M
202013090026,M
202013090027,M
202013090028,M
202013090029,M
202013090030,M
202013090031,M
202013090032,M
202013090033,M
202013090034,M
202013090035,M
202013090036,M
202013090037,M
202013090038,M
202013090039,M
202013090040,F
202013090041,M
202013090042,M
202013090043,F
202013090044,M
202013090045,M
202013090046,M
202013090047,M
202013090048,M
202013090049,F
202013090050,M
202013090051,F
202013090052,M
202013090053,M
202013090054,F
202013090055,M
202013090056,M
202013090057,F
202013090058,M
202013090059,M
202013090060,M
202013090061,M
202013090062,M
202013090063,M
202013090064,M
202013090065,M
202013090066,M
202013090067,M
202013090068,M
202013090069,M
202013090070,M
202013100001,F
202013100002,F
202013100003,F
202013100004,F
202013100005,F
202013100006,F
202013100007,F
202013100008,F
202013100009,M
202013100010,F
202013100011,F
202013100012,F
202013100013,F
202013100014,F
202013100015,F
202013100016,F
202013100017,F
202013100018,F
202013100019,F
202013100020,F
202013100021,M
202013100022,F
202013100023,F
202013100024,F
202013100025,F
202013100026,F
202013100027,F
202013100028,M
202013100029,F
202013100030,F
202013100031,F
202013100032,F
202013100033,F
202013100034,M
202013100035,F
202013100036,F
202013100037,F
202013100038,F
202013100039,F
202013100040,F
202013100041,F
202013100042,F
202013110001,F
202013110002,F
202013110003,F
202013110004,M
202013110005,M
202013110006,F
202013110007,F
202013110008,F
202013110009,F
202013110010,F
202013110011,F
202013110012,M
202013110013,M
202013110014,F
202013110015,F
202013110016,F
202013110017,F
202013110018,F
202013110019,M
202013110020,F
202013110021,M
202013110022,M
202013110023,M
202013110024,F
202013110025,F
202013110026,F
202013110027,F
202013110028,F
202013110029,F
202013110030,F
202013110031,M
202013110032,F
202013110033,F
202013110034,F
202013110035,F
202013110036,F
202013110037,F
202013110038,F
202013110039,F
202013110040,F
202013110041,F
202013110042,F
202013130001,F
202013130002,F
202013130003,F
202013130004,M
202013130005,F
202013130006,F
202013130007,F
202013130008,M
202013130009,F
202013130010,F
202013130011,F
202013130012,F
202013130013,F
202013130014,F
202013130015,F
202013130016,F
202013130017,F
202013130018,F
202013130019,F
202013130020,F
202013130021,F
202013130022,M
202013130023,F
202013130024,F
202013130025,F
202013130026,F
202013130027,F
202013130028,F
202013130029,F
202013130030,M
202013130031,F
202013130032,F
202013130033,F
202013130034,F
202013130035,F
202013130036,F
202013130037,F
202013130038,F
202013130039,F
202013130040,F
202013130041,M
202013130042,F
202013130043,F
202013130044,M
202013130045,F
202013140001,M
202013140002,F
202013140003,M
202013140004,F
202013140005,F
202013140006,M
202013140007,M
202013140008,F
202013140009,F
202013140010,M
202013140011,M
202013140012,M
202013140013,M
202013140014,M
202013140015,M
202013140016,M
202013140017,M
202013140018,M
202013140019,M
202013140020,F
202013140021,M
202013140022,F
202013140023,F
202013140024,M
202013140025,F
202013140026,M
202013140027,M
202013140028,F
202013140029,M
202013140030,M
202013140031,M
202013140032,M
202013140033,M
202013140034,F
202013140035,F
202013140036,F
202013140037,M
202013140038,F
202013140039,M
202013140040,M
202013140041,F
202013140042,F
202013140043,M
202013140044,F
202013140045,M
202013140046,M
202013140047,M
202013140048,M
202013140049,F
202013140050,M
202013140051,F
202013140052,M
202013140053,M
202013140054,M
202013140055,M
202013140056,M
202013140057,M
202013140058,F
202013140059,M
202013140060,M
202013140061,M
202013140062,M
202013140063,F
202013140064,M
202013140065,M
202013170001,F
202013170002,M
202013170003,F
202013170004,F
202013170005,M
202013170006,M
202013170007,M
202013170008,M
202013170009,M
202013170010,M
202013170011,F
202013170012,F
202013170013,M
202013170014,M
202013170015,M
202013170016,M
202013170017,F
202013170018,M
202013170019,F
202013170020,F
202013170021,F
202013170022,M
202013170023,F
202013170024,F
202013170025,M
202013170026,M
202013170027,M
202013170028,M
202013170029,M
202013170030,M
202013170031,M
202013170032,M
202013170033,M
202013170034,F
202013170035,F
202013170036,M
202013170037,M
202013170038,F
202013170039,M
202013170040,M
202013170041,M
202013170042,M
202013170043,M
202013170044,F
202013170045,F
202013170046,M
202013170047,M
202013170048,M
202013220001,F
202013220002,F
202013220003,F
202013220004,F
202013220005,F
202013220006,F
202013220007,F
202013220008,F
202013220009,F
202013220010,F
202013220011,F
202013220012,F
202013220013,M
202013220014,F
202013220015,F
202013220016,F
202013220017,F
202013220018,M
202013220019,F
202013220020,M
202013220021,F
202013220022,F
202013220023,F
202013220024,F
202013220025,F
202013220026,F
202013220027,F
202013220028,F
202013220029,M
202013220030,F
202013220031,F
202013220032,F
202013220033,F
202013220034,F
202013220035,F
202013220036,F
202013220037,F
202013220038,F
202013230001,M
202013230002,M
202013230003,M
202013230004,M
202013230005,M
202013230006,M
202013230007,M
202013230008,M
202013230009,M
202013230010,M
202013230011,F
202013230012,F
202013230013,M
202013230014,M
202013230015,M
202013230016,F
202013230017,M
202013230018,M
202013230019,M
202013230020,F
202013230021,F
202013230022,M
202013230023,M
202013230024,M
202013230025,M
202013230026,F
202013230027,M
202013230028,M
202013230029,F
202013230030,M
202013230031,F
202013230032,M
202013230033,F
202013230034,F
202013230035,M
202013230036,F
202013230037,F
202013230038,M
202013230039,F
202013230040,F
202013230041,F
202013230042,M
202013230043,M
202013230044,F
202013230045,M
202013260001,F
202013260002,M
202013260003,F
202013260004,M
202013260005,M
202013260006,M
202013260007,M
202013260008,M
202013260009,M
202013260010,M
202013260011,F
202013260012,M
202013260013,M
202013260014,M
202013260015,M
202013260016,M
202013260017,F
202013260018,M
202013260019,M
202013260020,M
202013260021,M
202013260022,F
202013260023,M
202013260024,M
202013260025,M
202013260026,M
202013260027,F
202013260028,F
202013260029,F
202013260030,M
202013260031,M
202013260032,M
202013260033,M
202013260034,M
202013260035,M
202013260036,M
202013260037,M
202013260038,M
202013260039,F
202013260040,M
202013260041,M
202013260042,M
202013280001,F
202013280002,F
202013280003,F
202013280004,F
202013280005,F
202013280006,F
202013280007,M
202013280008,F
202013280009,F
202013280010,F
202013280011,F
202013280012,F
202013280013,M
202013280014,M
202013280015,F
202013280016,F
202013280017,F
202013280018,F
202013280019,M
202013280020,M
202013280021,F
202013280022,F
202013280023,F
202013280024,F
202013280025,F
202013280026,F
202013280027,M
202013280028,F
202013280029,F
202013280030,F
202013280031,F
202013280032,F
202013280033,F
202013280034,F
202013280035,F
202013280036,F
202013280037,F
202013280038,F
202013280039,F
202013280040,F
202013280041,F
202013280042,F
202013280043,F
202013280044,M
202013280045,F
202013280046,F
202013280047,F
202013280048,M
202013280049,F
202013290001,F
202013290002,F
202013290003,F
202013290004,F
202013290005,F
202013290006,F
202013290007,M
202013290008,F
202013290009,F
202013290010,M
202013290011,F
202013290012,F
202013290013,F
202013290014,F
202013290015,F
202013290016,F
202013290017,F
202013290018,M
202013290019,F
202013290020,F
202013290021,F
202013290022,M
202013290023,F
202013290024,M
202013290025,F
202013290026,F
202013290027,M
202013290028,F
202013290029,F
202013290030,F
202013290031,F
202013290032,F
202013290033,F
202013290034,M
202013290035,F
202013290036,M
202013290037,F
202013290038,M
202013290039,F
202013290040,F
202013300001,F
202013300002,M
202013300003,M
202013300004,F
202013300005,F
202013300006,M
202013300007,M
202013300008,F
202013300009,F
202013300010,F
202013300011,F
202013300012,M
202013300013,F
202013300014,F
202013300015,F
202013300016,F
202013300017,M
202013300018,F
202013300019,M
202013300020,F
202013300021,F
202013300022,M
202013300023,F
202013300024,F
202013300025,F
202013300026,F
202013300027,M
202013300028,F
202013300029,F
202013300030,F
202013300031,M
202013300032,F
202013300033,F
202013300034,F
202013300035,M
202013300036,F
202013300037,F
202013300038,F
202013300039,M
202013300040,M
202013300041,F
202013300042,F
202013300043,M
202013300044,M
202013300045,F
202013300046,M
202013300047,F
202013300048,F
202013300049,M
202013300050,F
202013300051,F
202013300052,M
202013300053,F
202013300054,F
202013300055,F
202013300056,M
202013300057,M
202013300058,F
202013300059,M
202013300060,F
202013300061,M
202013300062,F
202013300063,F
202013300064,F
202013300065,F
202013300066,F
202013300067,M
202013300068,F
202013300069,F
202013300070,M
202013300071,F
202013300072,F
202013300073,F
202013300074,F
202013300075,F
202013300076,F
202013300077,F
202013350001,M
202013350002,M
202013350003,M
202013350004,M
202013350005,F
202013350006,M
202013350007,M
202013350008,F
202013350009,M
202013350010,F
202013350011,F
202013350012,M
202013350013,M
202013350014,M
202013350015,F
202013350016,F
202013350017,M
202013350018,F
202013350019,M
202013350020,M
202013350021,M
202013350022,F
202013350023,F
202013350024,F
202013350025,F
202013350026,M
202013350027,F
202013350028,F
202013350029,F
202013350030,M
202013350031,M
202013350032,M
202013350033,M
202013350034,F
202013350035,M
202013350036,M
202013350037,F
202013350038,M
202013350039,M
202013350040,F
202013350041,F
202013350042,M
202013350043,F
202013350044,M
202013350045,F
202013350046,F
202013350047,M
202013350048,F
202013350049,M
202013350050,M
202013350051,M
202013350052,M
202013350053,F
202013350054,F
202013350055,F
202013350056,M
202013350057,M
202013350058,M
202013350059,M
202013350060,F
202013350061,M
202013350062,M
202013350063,F
202013350064,F
202013350065,M
202013350066,M
202013350067,M
202013350068,M
202013350069,M
202013350070,M
202013350071,F
202013350072,M
202013350073,F
202013350074,F
202013350075,M
202013350076,F
202013350077,F
202013350078,F
202013350079,M
202013350080,F
202013350081,M
202013350082,M
202013350083,F
202013350084,F
202013350085,F
202013350086,F
202013350087,F
202013350088,M
202013350089,M
202013350090,F
202013360001,M
202013360002,F
202013360003,M
202013360004,M
202013360005,M
202013360006,M
202013360007,M
202013360008,M
202013360009,M
202013360010,F
202013360011,M
202013360012,F
202013360013,F
202013360014,M
202013360015,M
202013360016,M
202013360017,M
202013360018,M
202013360019,M
202013360020,M
202013360021,F
202013360022,M
202013360023,M
202013360024,M
202013360025,M
202013360026,M
202013360027,M
202013360028,M
202013360029,M
202013360030,F
202013360031,M
202013360032,M
202013360033,M
202013360034,M
202013360035,M
202013360036,M
202013360037,M
202013360038,M
202013360039,M
202013360040,M
202013360041,F
202013360042,F
202013360043,M
202013360044,M
202013360045,M
202013360046,M
202013360047,M
202013360048,M
202013360049,M
202013360050,M
202013360051,M
202013360052,M
202013360053,M
202013360054,M
202013360055,F
202013360056,M
202013360057,F
202013360058,M
202013360059,M
202013360060,M
202013360061,M
202013360062,M
202013360063,M
202013360064,M
202013360065,M
202013360066,M
202013360067,M
202013360068,M
202013360069,M
202013360070,M
202013360071,M
202013360072,F
202013360073,F
202013360074,M
202013360075,M
202013360076,F
202013360077,M
202013360078,M
202013360079,M
202013360080,M
202013360081,M
202013360082,M
202013360083,M
202013360084,F
202013360085,M
202013360086,M
202013360087,M
202013360088,M
202013360089,M
202013360090,M
202013360091,M
202013360092,M
202013360093,M
202013360094,M
202013360095,M
202013360096,M
202013360097,M
202013360098,M
202013360099,M
202013360100,M
202013360101,M
202013360102,F
202013360103,M
202013360104,M
202013370001,M
202013370002,M
202013370003,F
202013370004,F
202013370005,M
202013370006,F
202013370007,M
202013370008,M
202013370009,F
202013370010,F
202013370011,M
202013370012,M
202013370013,M
202013370014,M
202013370015,M
202013370016,M
202013370017,M
202013370018,F
202013370019,M
202013370020,F
202013370021,M
202013370022,F
202013370023,F
202013370024,F
202013370025,M
202013370026,M
202013370027,F
202013370028,M
202013370029,M
202013370030,M
202013370031,M
202013370032,F
202013370033,F
202013370034,F
202013370035,M
202013370036,F
202013370037,M
202013370038,M
202013370039,M
202013370040,M
202013370041,M
202013380001,M
202013380002,M
202013380003,F
202013380004,M
202013380005,M
202013380006,F
202013380007,M
202013380008,M
202013380009,M
202013380010,M
202013380011,M
202013380012,M
202013380013,M
202013380014,F
202013380015,M
202013380016,M
202013380017,F
202013380018,M
202013380019,M
202013380020,M
202013380021,M
202013380022,M
202013380023,F
202013380024,M
202013380025,F
202013380026,F
202013380027,M
202013380028,F
202013380029,M
202013380030,M
202013380031,M
202013380032,M
202013380033,M
202013380034,M
202013380035,M
202013380036,M
202013380037,F
202013380038,F
202013380039,M
202013380040,M
202013380041,M
202013380042,M
202013380043,M
202013380044,F
202013380045,F
202013380046,M
202013380047,M
202013380048,F
202013380049,M
202013380050,F
202013380051,M
202013380052,M
202013380053,M
202013380054,M
202013380055,F
202013380056,M
202013380057,M
202013380058,M
202013380059,M
202013380060,M
202013380061,M
202013380062,M
202013380063,M
202013410001,M
202013410002,M
202013410003,M
202013410004,M
202013410005,M
202013410006,M
202013410007,M
202013410008,M
202013410009,M
202013410010,M
202013410011,M
202013410012,M
202013410013,M
202013410014,M
202013410015,F
202013410016,M
202013410017,M
202013410018,M
202013410019,M
202013410020,M
202013410021,M
202013410022,M
202013410023,M
202013410024,M
202013410025,M
202013410026,M
202013410027,M
202013410028,F
202013410029,M
202013410030,M
202013410031,M
202013410032,M
202013410033,M
202013410034,M
202013410035,M
202013410036,M
202013410037,M
202013410038,M
202013410039,M
202013410040,M
202013420001,M
202013420002,M
202013420003,F
202013420004,F
202013420005,M
202013420006,M
202013420007,M
202013420008,M
202013420009,M
202013420010,M
202013420011,M
202013420012,M
202013420013,F
202013420014,M
202013420015,F
202013420016,M
202013420017,M
202013420018,F
202013420019,F
202013420020,M
202013420021,F
202013420022,M
202013420023,M
202013420024,M
202013420025,M
202013420026,M
202013420027,M
202013420028,F
202013420029,M
202013420030,M
202013420031,F
202013420032,F
202013420033,M
202013420034,M
202013420035,M
202013420036,M
202013420037,F
202013420038,M
202013470001,M
202013470002,F
202013470003,M
202013470004,M
202013470005,M
202013470006,F
202013470007,M
202013470008,M
202013470009,F
202013470010,F
202013470011,F
202013470012,F
202013470013,F
202013470014,F
202013470015,F
202013470016,F
202013470017,F
202013470018,F
202013470019,F
202013470020,F
202013470021,F
202013470022,F
202013470023,M
202013470024,M
202013470025,F
202013470026,F
202013470027,F
202013470028,F
202013470029,F
202013470030,F
202013470031,F
202013470032,M
202013470033,F
202013470034,F
202013470035,F
202013470036,M
202013470037,F
202013470038,M
202013470039,F
202013500001,M
202013500002,M
202013500003,F
202013500004,M
202013500005,M
202013500006,M
202013500007,M
202013500008,F
202013500009,M
202013500010,M
202013500011,M
202013500012,F
202013500013,M
202013500014,M
202013500015,F
202013500016,F
202013500017,M
202013500018,M
202013500019,M
202013500020,M
202013500021,F
202013500022,F
202013500023,F
202013500024,F
202013500025,F
202013500026,M
202013500027,M
202013500028,F
202013500029,M
202013500030,F
202013500031,M
202013500032,M
202013500033,F
202013500034,F
202013500035,M
202013500036,F
202013500037,M
202013500038,M
202013500039,M
202013500040,M
202013500041,F
202013500042,F
202013610001,M
202013610002,M
202013610003,F
202013610004,F
202013610005,F
202013610006,F
202013610007,F
202013610008,F
202013610009,M
202013610010,F
202013610011,F
202013610012,F
202013610013,F
202013610014,F
202013610015,F
202013610016,F
202013610017,M
202013610018,M
202013610019,F
202013610020,M
202013610021,F
202013610022,M
202013610023,F
202013610024,F
202013610025,F
202013610026,M
202013610027,F
202013610028,F
202013610029,M
202013610030,F
202013610031,F
202013610032,F
202013610033,M
202013610034,F
202013610035,F
202013610036,F
202013610037,M
202013610038,F
202013610039,F
202013610040,M
202013610041,F
202013610042,F
202013610043,F
202013610044,M
202013610045,F
202013610046,F
202013610047,F
202013610048,F
202013610049,F
202013610050,F
202013610051,F
202013610052,M
202013610053,F
202013610054,M
202013610055,F
202013610056,M
202013610057,M
202013610058,F
202013610059,F
202013610060,F
202013610061,F
202013610062,M
202013610063,F
202013610064,F
202013610065,F
202013610066,F
202013610067,F
202013610068,F
202013610069,F
202013610070,M
202013610071,M
202013610072,M
202013630001,F
202013630002,F
202013630003,F
202013630004,M
202013630005,F
202013630006,F
202013630007,F
202013630008,F
202013630009,F
202013630010,M
202013630011,M
202013630012,F
202013630013,F
202013630014,F
202013630015,F
202013630016,F
202013630017,M
202013630018,F
202013630019,M
202013630020,F
202013630021,M
202013630022,F
202013630023,F
202013630024,M
202013630025,F
202013630026,M
202013630027,M
202013630028,F
202013630029,F
202013630030,F
202013630031,F
202013630032,F
202013630033,F
202013630034,F
202013630035,M
202013630036,M
202013630037,F
202013630038,F
202013630039,F
202013630040,M
202013630041,M
202013630042,M
202013630043,M
202013630044,F
202013630045,F
202013630046,F
202013630047,F
202013630048,F
202013630049,M
202013630050,F
202013630051,F
202013630052,F
202013630053,F
202013630054,M
202013630055,F
202013630056,F
202013630057,F
202013630058,F
202013630059,F
202013630060,F
202013630061,F
202013630062,M
202013630063,F
202013630064,M
202013630065,F
202013630066,F
202013630067,F
202013630068,M
202013630069,M
202013630070,M
202013630071,F
202013630072,M
202013630073,M
202013630074,F
202013630075,F
202013630076,F
202013630077,F
202013630078,M
202013630079,F
202013630080,F
202013630081,F
202013630082,F
202013630083,F
202013630084,F
202013630085,F
202013630086,F
202013630087,F
202013630088,F
202013630089,M
202013630090,M
202013630091,F
202013630092,M
202013630093,F
202013630094,M
202013630095,F
202013630096,M
202013630097,F
202013630098,F
202013630099,F
202013630100,F
202013630101,F
202013630102,F
202013630103,F
202013630104,F
202013630105,F
202013630106,M
202013630107,F
202013630108,F
202013630109,M
202013630110,F
202013630111,F
202013630112,F
202013630113,M
202013630114,F
202013630115,F
202013630116,M
202013630117,M
202013630118,M
202013630119,F
202013630120,M
202013740001,F
202013740002,F
202013740003,F
202013740004,F
202013740005,F
202013740006,F
202013740007,F
202013740008,M
202013740009,F
202013740010,F
202013740011,F
202013740012,F
202013740013,F
202013740014,M
202013740015,F
202013740016,M
202013740017,F
202013740018,F
202013740019,F
202013740020,F
202013740021,M
202013740022,F
202013740023,F
202013740024,M
202013740025,F
202013740026,F
202013740027,F
202013740028,F
202013740029,F
202013740030,F
202013740031,M
202013740032,F
202013740033,F
202013790001,F
202013790002,F
202013790003,F
202013790004,F
202013790005,F
202013790006,F
202013790007,F
202013790008,M
202013790009,F
202013790010,F
202013790011,F
202013790012,F
202013790013,M
202013790014,M
202013790015,M
202013790016,F
202013790017,F
202013790018,F
202013790019,F
202013790020,F
202013790021,M
202013790022,F
202013790023,F
202013790024,F
202013790025,F
202013790026,F
202013790027,F
202013790028,F
202013790029,F
202013790030,F
202013790031,M
202013790032,M
202013790033,F
202013790034,F
202013790035,F
202013790036,M
202013790037,F
202013790038,F
202013790039,F
202013790040,F
202013790041,F
202013790042,F
202013790043,F
202013790044,F
202013790045,F
202013790046,F
202013790047,F
202013790048,F
202013790049,F
202013790050,M
202013830001,M
202013830002,F
202013830003,F
202013830004,F
202013830005,M
202013830006,M
202013830007,F
202013830008,F
202013830009,F
202013830010,F
202013830011,F
202013830012,F
202013830013,F
202013830014,M
202013830015,F
202013830016,F
202013830017,F
202013830018,F
202013830019,M
202013830020,M
202013830021,M
202013830022,M
202013830023,F
202013830024,F
202013830025,F
202013830026,M
202013830027,F
202013830028,F
202013830029,F
202013830030,M
202013830031,F
202013830032,F
202013830033,F
202013830034,M
202013830035,F
202013830036,F
202013830037,F
202013830038,F
202013830039,F
202013830040,F
202013830041,F
202013830042,F
202013830043,F
202013830044,F
202013830045,F
202013830046,M
202013830047,F
202013830048,M
202013830049,F
202013830050,F
202013850001,M
202013850002,M
202013850003,M
202013850004,M
202013850005,M
202013850006,F
202013850007,M
202013850008,M
202013850009,M
202013850010,F
202013850011,M
202013850012,M
202013850013,F
202013850014,M
202013850015,M
202013850016,M
202013850017,F
202013850018,F
202013850019,F
202013850020,F
202013850021,M
202013850022,M
202013850023,F
202013850024,F
202013850025,M
202013850026,F
202013850027,M
202013850028,M
202013850029,M
202013850030,M
202013850031,M
202013850032,M
202013850033,M
202013850034,F
202013850035,M
202013850036,M
202013850037,M
202013850038,F
202013850039,F
202013850040,M
202013860001,F
202013860002,F
202013860003,M
202013860004,F
202013860005,F
202013860006,M
202013860007,M
202013860008,F
202013860009,F
202013860010,F
202013860011,F
202013860012,M
202013860013,F
202013860014,F
202013860015,F
202013860016,F
202013860017,F
202013860018,F
202013860019,F
202013860020,F
202013860021,F
202013860022,F
202013860023,M
202013860024,M
202013860025,F
202013860026,M
202013860027,M
202013860028,F
202013860029,M
202013860030,M
202013860031,F
202013860032,F
202013860033,F
202013860034,F
202013860035,M
202013860036,M
202013860037,M
202013860038,M
202013860039,F
202013860040,F
202013860041,F
202013860042,F
202013860043,F
202013860044,F
202013860045,F
202013860046,F
202013860047,F
202013860048,M
202013860049,M
202013860050,F
202013860051,F
202013870001,F
202013870002,F
202013870003,M
202013870004,F
202013870005,M
202013870006,F
202013870007,F
202013870008,M
202013870009,M
202013870010,M
202013870011,F
202013870012,F
202013870013,M
202013870014,M
202013870015,M
202013870016,M
202013870017,M
202013870018,M
202013870019,F
202013870020,M
202013870021,F
202013870022,M
202013870023,F
202013870024,F
202013870025,M
202013870026,F
202013870027,F
202013870028,F
202013870029,F
202013870030,M
202013870031,M
202013870032,F
202013870033,F
202013870034,F
202013870035,F
202013870036,F
202013870037,M
202013870038,M
202013870039,M
202013870040,F
202013870041,M
202013870042,F
202013870043,M
202013870044,F
202013870045,F
202013870046,M
202013870047,F
202013870048,M
202013870049,F
202013870050,F
202013870051,F
202013870052,M
202013870055,M
202013870056,M
202013870057,F
202013870058,M
202013870059,F
202013870060,F
202013870061,M
202013870062,M
202013870063,F
202013870064,F
202013870065,F
202013870066,F
202013870067,M
202013870068,F
202013870069,F
202013870070,F
202013870071,F
202013870072,M
202013870073,M
202013870074,F
202013870075,M
202013870076,M
202013870077,F
202013870078,F
202013870079,M
202013870080,M
202013870081,F
202013870082,M
202013870083,F
202013870084,M
202013870085,F
202013870086,M
202013870087,M
202013870088,M
202013870089,F
202013870090,F
202013870091,M
202013880001,M
202013880002,M
202013880003,M
202013880004,F
202013880005,M
202013880006,M
202013880007,M
202013880008,M
202013880009,M
202013880010,M
202013880011,F
202013880012,M
202013880013,M
202013880014,M
202013880015,F
202013880016,M
202013880017,M
202013880018,M
202013880019,M
202013880020,M
202013880021,M
202013880022,M
202013880023,M
202013880024,F
202013880025,M
202013880026,M
202013880027,F
202013880028,F
202013880029,F
202013880030,F
202013880031,F
202013880032,M
202013880033,M
202013880034,M
202013880035,F
202013880036,M
202013880037,M
202013880038,M
202013880039,M
202013880040,M
202013880041,M
202013880042,M
202013880043,M
202013880044,M
202013880045,M
202013880046,M
202013880047,M
202013880048,F
202013880049,M
202013880050,F
202013880051,M
202013880052,M
202013880053,M
202013880054,M
202013880055,M
202013880056,F
202013880057,M
202013880058,M
202013880059,M
202013880060,M
202013880061,M
202013880062,F
202013880063,M
202013880064,M
202013880065,M
202013880066,F
202013880067,M
202013880068,M
202013880069,M
202013880070,F
202013880071,M
202013880072,M
202013880073,M
202013880074,M
202013880075,M
202013880076,M
202013880077,M
202013880078,M
202013880079,F
202013880080,F
202013880081,M
202013880082,F
202013880083,M
202013880084,M
202013880085,F
202013880086,M
202013880087,M
202013880088,M
202013880089,M
202013880090,M
202013880091,M
202013880092,M
202013880093,M
202013880094,M
202013930001,M
202013930002,M
202013930003,M
202013930004,M
202013930005,M
202013930006,M
202013930007,M
202013930008,F
202013930009,M
202013930010,M
202013930011,M
202013930012,M
202013930013,M
202013930014,M
202013930015,M
202013930016,M
202013930017,M
202013930018,M
202013930019,M
202013930020,M
202013930021,M
202013930022,M
202013930023,M
202013930024,M
202013930025,F
202013930026,F
202013930027,M
202013930028,M
202013930029,F
202013930030,F
202013930031,M
202013930032,M
202013930033,M
202013930034,M
202013930035,F
202013930036,M
202013930037,F
202013930038,M
202013930039,M
202013930040,F
202013930041,M
202013930042,M
202013930043,M
202013930044,M
202013930045,M
202013930046,M
202013930047,M
202013930048,M
202013930049,F
202013930050,F
202013930051,M
202013930052,M
202013930053,M
202013930054,M
202013930055,M
202013930056,F
202013930057,M
202013930058,F
202013930059,M
202013930060,F
202013930061,M
202013930062,M
202013930063,M
202013930064,F
202013930065,F
202013930066,M
202013930067,F
202013930068,M
202013930069,F
202013930070,M
202013930071,M
202013930072,M
202013930073,M
202013930074,M
202013930075,M
202013930076,F
202013930077,M
202013930078,M
202013930079,M
202013930080,M
202013930081,M
202013930082,M
202013930083,M
202013930084,M
202013930085,F
202013930086,M
202013930087,M
202013930088,M
202013930089,M
202013930090,M
202013930091,M
202013930092,M
202013930093,M
202013930094,M
202013930095,M
202013930096,M
202013930097,M
202013930098,M
202013930099,M
202013930100,M
202013930101,M
202013950001,M
202013950002,M
202013950003,M
202013950004,M
202013950005,M
202013950006,M
202013950007,F
202013950008,M
202013950009,M
202013950010,M
202013950011,F
202013950012,M
202013950013,M
202013950014,M
202013950015,M
202013950016,M
202013950017,M
202013950018,F
202013950019,M
202013950020,M
202013950021,M
202013950022,M
202013950023,F
202013950024,M
202013950025,F
202013950026,F
202013950027,M
202013950028,M
202013950029,M
202013950030,F
202013950031,M
202013950032,M
202013950033,M
202013950034,M
202013950035,F
202013950036,M
202013950037,M
202013950038,F
202013950039,M
202013950040,M
202013950041,F
202013950042,F
202013950043,M
202013950044,M
202013950045,M
202013950046,F
202013950047,M
202013950048,F
202013950049,F
202013950050,M
202013950051,F
202013950052,M
202013950053,M
202013960001,F
202013960002,M
202013960003,F
202013960004,M
202013960005,F
202013960006,F
202013960007,M
202013960008,F
202013960009,M
202013960010,F
202013960011,F
202013960012,F
202013960013,F
202013960014,F
202013960015,F
202013960016,M
202013960017,F
202013960018,F
202013960019,M
202013960020,F
202013960021,F
202013960022,F
202013960023,F
202013960024,F
202013960025,F
202013960026,F
202013960027,F
202013960028,F
202013960029,F
202013960030,M
202013960031,F
202013960032,F
202013960033,F
202013960034,M
202013960035,F
202013960036,M
202013960037,M
202013960038,F
202013960039,F
202013960040,F
202013960041,M
202013960042,M
202013960043,F
202013960044,F
202013960045,F
202013960046,F
202013960047,M
202013960048,F
202013960049,F
202013960050,F
202083020001,M
202083020002,F
202083020003,M
202083020004,M
202083020005,M
202083020006,M
202083020007,F
202083020008,F
202083020009,M
202083020010,M
202083020011,F
202083020012,M
202083020013,M
202083020014,F
202083020015,M
202083020016,M
202083020017,M
202083020018,M
202083020019,M
202083020020,M
202083020021,F
202083020022,M
202083020023,M
202083020024,M
202083020025,M
202083020026,M
202083020027,M
202083020028,M
202083020029,M
202083020030,M
202083020031,F
202083020032,M
202083020033,F
202083020034,M
202083020035,F
202083020036,M
202083020037,M
202083020038,M
202083020039,M
202083020040,M
202083020041,M
202083020042,F
202083020043,M
202083020044,F
202083020045,M
202083020046,M
202083020047,M
202083020048,F
202083020049,M
202083020050,F
202083020051,M
202083020052,F
202083020053,M
202083020054,M
202083020055,M
202083020056,F
202083020057,M
202083020058,M
202083020059,M
202083020060,F
202083020061,M
202083020062,M
202083020063,M
202083020064,M
202083020065,F
202083020066,M
202083020067,M
202083020068,M
202083020069,M
202083020070,F
202083050001,M
202083050002,F
202083050003,F
202083050004,F
202083050005,M
202083050006,M
202083050007,M
202083050008,M
202083050009,M
202083050010,M
202083050011,M
202083050012,M
202083050013,M
202083050014,M
202083050015,M
202083050016,M
202083050017,F
202083050018,F
202083050019,M
202083050020,M
202083050021,M
202083050022,M
202083050023,M
202083050024,M
202083050025,M
202083050026,M
202083050027,F
202083050028,M
202083050029,F
202083050030,F
202083050031,M
202083050032,M
202083050033,M
202083050034,F
202083050035,M
202083050036,M
202083050037,M
202083050038,M
202083050039,F
202083050040,M
202083060001,M
202083060002,F
202083060003,F
202083060004,F
202083060005,M
202083060006,F
202083060007,M
202083060008,M
202083060009,F
202083060010,F
202083060011,F
202083060012,F
202083060013,M
202083060014,F
202083060015,F
202083060016,F
202083060017,M
202083060018,M
202083060019,F
202083060020,F
202083060021,F
202083060022,F
202083060023,M
202083060024,F
202083060025,F
202083060026,M
202083060027,F
202083060028,M
202083060029,M
202083060030,M
202083060031,M
202083060032,M
202083060033,F
202083060034,F
202083060035,F
202083060036,F
202083060037,F
202083060038,F
202083060039,F
202083060040,F
202083060041,F
202083060042,F
202083060043,F
202083060044,F
202083060045,M
202083060046,F
202083060047,F
202083060048,F
202083060049,F
202083060050,F
202083060051,F
202083060052,F
202083060053,M
202083060054,M
202083060055,M
202083060056,M
202083060057,M
202083060058,F
202083060059,F
202083060060,F
202083060061,M
202083060062,F
202083060063,F
202083060064,M
202083060065,M
202083060066,M
202083060067,F
202083060068,M
202083060069,M
202083060070,M
202083090001,F
202083090002,F
202083090003,M
202083090004,F
202083090005,F
202083090006,M
202083090007,F
202083090008,M
202083090009,M
202083090010,F
202083090011,M
202083090012,F
202083090013,F
202083090014,F
202083090015,M
202083090016,M
202083090017,M
202083090018,M
202083090019,F
202083090020,F
202083090021,F
202083090022,M
202083090023,F
202083090024,M
202083090025,M
202083090026,F
202083090027,M
202083090028,M
202083090029,F
202083090030,M
202083090031,F
202083090032,M
202083090033,M
202083090034,F
202083090035,M
202083090036,M
202083090037,M
202083090038,M
202083090039,M
202083090040,F
202083100001,M
202083100002,M
202083100003,F
202083100004,M
202083100005,M
202083100006,F
202083100007,F
202083100008,M
202083100009,F
202083100010,F
202083100011,F
202083100012,M
202083100013,M
202083100014,M
202083100015,F
202083100016,M
202083100017,M
202083100018,F
202083100019,M
202083100020,M
202083100021,F
202083100022,F
202083100023,M
202083100024,M
202083100025,M
202083100026,M
202083100027,M
202083100028,M
202083100029,M
202083100030,F
202083100031,F
202083100032,M
202083100033,M
202083100034,F
202083100035,F
202083100036,F
202083100037,M
202083100038,F
202083100039,F
202083100040,F
202083100041,M
202083100042,F
202083100043,F
202083100044,M
202083100045,M
202083100046,F
202083100047,M
202083100048,M
202083100049,M
202083100050,M
202083100051,M
202083100052,M
202083100053,M
202083100054,F
202083100055,M
202083100056,M
202083100057,M
202083100058,M
202083100059,F
202083100060,M
202083100061,M
202083100062,F
202083100063,F
202083100064,F
202083100065,F
202083100066,M
202083100067,M
202083100068,F
202083100069,M
202083100070,F
202083110001,F
202083110002,F
202083110003,F
202083110004,M
202083110005,M
202083110006,M
202083110007,M
202083110008,M
202083110009,F
202083110010,M
202083110011,M
202083110012,M
202083110013,F
202083110014,M
202083110015,F
202083110016,F
202083110017,F
202083110018,F
202083110019,M
202083110020,F
202083110021,F
202083110022,M
202083110023,F
202083110024,F
202083110025,M
202083110026,M
202083110027,M
202083110028,F
202083110029,M
202083110030,F
202083110031,F
202083110032,F
202083110033,M
202083110034,F
202083110035,M
202083110036,F
202083110037,M
202083110038,M
202083110039,M
202083110040,M
202083160001,M
202083160002,M
202083160003,F
202083160004,M
202083160005,M
202083160006,M
202083160007,M
202083160008,F
202083160009,M
202083160010,M
202083160011,F
202083160012,M
202083160013,F
202083160014,M
202083160015,M
202083160016,M
202083160017,M
202083160018,M
202083160019,M
202083160020,M
202083160021,F
202083160022,M
202083160023,F
202083160024,M
202083160025,M
202083160026,M
202083160027,M
202083160028,F
202083160029,M
202083160030,M
202083160031,M
202083160032,M
202083160033,F
202083160034,M
202083160035,M
202083160036,F
202083160037,F
202083160038,F
202083160039,M
202083160040,M
202083210001,F
202083210002,F
202083210003,M
202083210004,M
202083210005,F
202083210006,M
202083210007,F
202083210008,F
202083210009,M
202083210010,F
202083210011,F
202083210012,F
202083210013,F
202083210014,M
202083210015,M
202083210017,F
202083210018,F
202083210019,M
202083210020,M
202083210021,F
202083210022,F
202083210023,M
202083210024,F
202083210025,F
202083210026,F
202083210027,M
202083210028,F
202083210029,F
202083210030,F
202083210031,F
202083210032,F
202083210033,M
202083210034,M
202083210035,F
202083210036,M
202083210037,F
202083210038,F
202083210039,M
202083210040,F
202083210041,M
202083210042,M
202083210043,F
202083210044,M
202083210045,F
202083210046,M
202083210047,F
202083230001,M
202083230002,M
202083230003,F
202083230004,M
202083230005,M
202083230006,M
202083230007,M
202083230008,M
202083230009,M
202083230010,F
202083230011,M
202083230012,M
202083230013,M
202083230014,M
202083230015,M
202083230016,F
202083230017,M
202083230018,M
202083230019,M
202083230020,M
202083230021,M
202083230022,M
202083230023,F
202083230024,M
202083230025,M
202083230026,M
202083230027,M
202083230028,F
202083230029,M
202083230030,F
202083230031,F
202083230032,F
202083230033,F
202083230034,M
202083230035,M
202083230036,F
202083230037,M
202083230038,F
202083230039,M
202083230040,M
202083230041,M
202083230042,M
202083230043,M
202083230044,F
202083230045,F
202083230046,F
202083230047,M
202083230048,M
202083230049,F
202083230050,M
202083230051,M
202083240001,M
202083240002,M
202083240003,M
202083240004,M
202083240005,M
202083240006,M
202083240007,M
202083240008,M
202083240009,M
202083240010,M
202083240011,F
202083240012,M
202083240013,M
202083240014,F
202083240015,F
202083240016,M
202083240017,M
202083240018,M
202083240019,F
202083240020,M
202083240021,M
202083240022,M
202083240023,F
202083240024,M
202083240025,M
202083240026,M
202083240027,F
202083240028,M
202083240029,F
202083240030,M
202083240031,M
202083240032,M
202083240033,M
202083240034,F
202083240035,M
202083240036,M
202083240037,M
202083240038,M
202083240039,M
202083240040,M
202083240041,M
202083240042,F
202083240043,M
202083240044,M
202083240045,M
202083240046,M
202083240047,M
202083240048,F
202083240049,M
202083240050,M
202083240051,F
202083240052,M
202083240053,F
202083240054,M
202083240055,M
202083240056,M
202083240057,M
202083240058,M
202083240059,M
202083240060,M
202083240061,M
202083240062,M
202083240063,M
202083240064,F
202083240065,M
202083240066,M
202083240067,M
202083240068,F
202083240069,M
202083240070,M
202083240071,F
202083240072,F
202083240073,M
202083240074,M
202083240075,F
202083240076,M
202083240077,F
202083240078,M
202083240079,M
202083240080,M
202083240081,M
202083240082,M
202083240083,M
202083240084,M
202083240085,M
202083240086,M
202083240087,M
202083240088,M
202083240089,M
202083240090,M
202083240091,M
202083240092,M
202083240093,M
202083250001,M
202083250002,M
202083250003,F
202083250004,M
202083250005,M
202083250006,M
202083250007,M
202083250008,M
202083250009,M
202083250010,M
202083250011,M
202083250012,F
202083250013,M
202083250014,M
202083250015,F
202083250016,M
202083250017,M
202083250018,M
202083250019,M
202083250020,M
202083250021,M
202083250022,F
202083250023,M
202083250024,M
202083250025,M
202083250026,M
202083250027,M
202083250028,M
202083250029,F
202083250030,F
202083250031,M
202083250032,F
202083250033,M
202083250034,M
202083250035,M
202083250036,M
202083250037,M
202083250038,M
202083250039,M
202083250040,M
202083250041,M
202083250042,M
202083250043,M
202083250044,F
202083250045,M
202083250046,M
202083250047,M
202083250048,F
202083250049,M
202083250050,M
202083250051,M
202083250052,F
202083250053,M
202083250054,M
202083250055,F
202083250056,M
202083250057,F
202083250058,M
202083250059,M
202083250060,M
202083250061,M
202083250062,M
202083250063,F
202083250064,M
202083250065,M
202083250066,M
202083250067,M
202083260001,M
202083260002,F
202083260003,F
202083260004,F
202083260005,F
202083260006,F
202083260007,F
202083260008,F
202083260009,F
202083260010,M
202083260011,M
202083260012,M
202083260013,M
202083260014,F
202083260015,F
202083260016,F
202083260017,F
202083260018,F
202083260019,M
202083260020,F
202083260021,F
202083260022,F
202083260023,F
202083260024,M
202083260025,M
202083260026,F
202083260027,F
202083260028,F
202083260029,F
202083260030,M
202083260031,M
202083260032,F
202083260033,M
202083260034,M
202083260035,M
202083260036,F
202083260037,M
202083260038,F
202083260039,F
202083260040,M
202083260041,F
202083260042,F
202083260043,M
202083260044,M
202083260045,F
202083260046,M
202083260047,F
202083260048,M
202083260049,F
202083260050,F
202083260051,M
202083260052,F
202083260053,F
202083260054,F
202083260055,F
202083260056,F
202083260057,M
202083260058,F
202083260059,F
202083260060,F
202083260061,F
202083260062,M
202083260063,F
202083260064,F
202083260065,M
202083260066,F
202083260067,F
202083260068,F
202083260069,M
202083260070,F
202083260071,M
202083260072,F
202083260073,M
202083260074,F
202083260075,F
202083260076,F
202083260077,F
202083260078,M
202083260079,M
202083260080,F
202083260081,F
202083260082,F
202083260083,F
202083260084,F
202083260085,F
202083260086,F
202083260087,M
202083260088,F
202083260089,F
202083260090,M
202083260091,F
202083260092,F
202083260093,F
202083260094,F
202083260095,F
202083260096,M
202083260097,M
202083260098,F
202083260099,M
202083260100,M
202083260101,M
202083260102,M
202083260103,F
202083260104,F
202083260105,F
202083260106,F
202083260107,M
202083260108,F
202083260109,F
202083260110,F
202083260111,F
202083260112,M
202083260113,M
202083260114,F
202083260115,M
202083260116,F
202083260117,F
202083260118,F
202083260119,F
202083260120,M
202083260121,M
202083260122,F
202083260123,M
202083260124,F
202083260125,M
202083260126,F
202083260127,F
202083260128,M
202083260129,F
202083260130,F
202083260131,M
202083260132,F
202083260133,F
202083260134,M
202083260135,M
202083260136,F
202083260137,F
202083260138,F
202083260139,F
202083260140,F
202083260141,F
202083260142,M
202083260143,M
202083260144,F
202083260145,F
202083260146,F
202083260147,F
202083260148,F
202083260149,F
202083260150,F
202083260151,M
202083260152,M
202083260153,M
202083260154,M
202083260155,F
202083260156,F
202083260157,F
202083260158,F
202083260159,M
202083260160,F
202083260161,M
202083260162,F
202083260163,F
202083260164,F
202083260165,M
202083260167,M
202083260168,M
202083260170,F
202083260171,F
202083260172,F
202083260173,M
202083260174,F
202083260175,M
202083260176,F
202083260177,M
202083260178,F
202083260179,F
202083260180,F
202083260181,F
202083260182,F
202083260183,M
202083260184,M
202083260185,M
202083260186,M
202083260187,M
202083260188,F
202083260189,F
202083260190,M
202083260191,F
202083260192,F
202083260193,F
202083260194,M
202083260195,F
202083260196,F
202083260197,F
202083260198,M
202083260199,F
202083260200,F
202083260201,F
202083260202,F
202083260203,F
202083260204,M
202083260205,F
202083260206,F
202083260207,M
202083260208,F
202083260209,F
202083260210,M
202083260211,M
202083260212,F
202083260213,F
202083260214,F
202083260215,M
202083260216,M
202083260217,F
202083260218,F
202083260219,F
202083260220,F
202083260221,M
202083260222,M
202083260223,M
202083260224,M
202083260225,M
202083260226,F
202083260227,F
202083260228,F
202083260229,F
202083260230,M
202083260231,F
202083260232,F
202083260233,F
202083260234,F
202083260235,F
202083260236,F
202083260237,F
202083260238,M
202083260239,F
202083260240,M
202083260241,F
202083260242,M
202083260243,F
202083260244,F
202083260245,F
202083260246,F
202083260247,F
202083260248,M
202083260249,F
202083260250,M
202083260251,M
202083260252,M
202083260253,M
202083260254,F
202083260255,F
202083260256,M
202083260257,F
202083260258,M
202083260259,F
202083260260,F
202083260261,F
202083260262,F
202083260263,F
202083260264,M
202083260265,F
202083260266,F
202083260267,F
202083260268,F
202083260269,M
202083260270,F
202083260271,M
202083260272,F
202083260273,F
202083260274,F
202083260275,M
202083260276,M
202083260277,F
202083260278,M
202083260279,F
202083260280,F
202083260281,F
202083260282,M
202083260283,M
202083260284,M
202083260285,F
202083260286,F
202083260287,M
202083260288,F
202083260289,M
202083260290,F
202083260291,M
202083260292,F
202083260293,F
202083260294,M
202083260295,F
202083260296,F
202083260297,M
202083260298,F
202083260299,F
202083260300,M
202083260301,F
202083260302,M
202083260303,M
202083260304,F
202083260305,F
202083260306,F
202083260307,F
202083260308,M
202083260309,M
202083260310,F
202083260311,F
202083260312,F
202083260313,F
202083260314,F
202083260315,F
202083260316,F
202083260317,F
202083260318,F
202083260319,F
202083270001,M
202083270002,F
202083270003,M
202083270004,M
202083270005,M
202083270006,M
202083270007,M
202083270008,M
202083270009,M
202083270010,F
202083270011,M
202083270012,M
202083270013,F
202083270014,M
202083270015,M
202083270016,F
202083270017,M
202083270018,M
202083270019,M
202083270020,M
202083270021,M
202083270022,F
202083270023,M
202083270024,M
202083270025,M
202083270026,M
202083270027,F
202083270028,F
202083270029,M
202083270030,M
202083270031,M
202083270032,M
202083270033,M
202083270034,F
202083270035,M
202083270036,M
202083270037,F
202083270038,F
202083270039,M
202083270040,M
202083270041,M
202083270042,M
202083270043,M
202083270044,M
202083270045,M
202083270046,F
202083270047,F
202083270048,M
202083270049,M
202083270050,F
202083270051,M
202083270052,M
202083270053,M
202083270054,F
202083270055,M
202083270056,M
202083270057,M
202083270058,M
202083270059,M
202083270060,M
202083270061,F
202083270062,M
202083270063,M
202083270064,M
202083270065,F
202083270066,M
202083270067,M
202083270068,M
202083270069,M
202083270070,M
202083270071,M
202083270072,F
202083270073,M
202083270074,F
202083270075,M
202083270076,M
202083270077,M
202083270078,M
202083270079,F
202083270080,F
202083270081,M
202083270082,M
202083270083,M
202083270084,M
202083270085,F
202083270086,F
202083270087,M
202083270088,M
202083270089,F
202083270090,M
202083270091,M
202083270092,M
202083270093,M
202083270094,M
202083270095,M
202083270096,F
202083270097,M
202083270098,M
202083270099,M
202083270100,M
202083270101,M
202083270102,M
202083270103,M
202083270104,M
202083270105,M
202083270106,F
202083270107,F
202083270108,M
202083270109,F
202083270110,F
202083270111,M
202083270112,M
202083270113,M
202083270114,M
202083270115,M
202083270116,F
202083270117,M
202083270118,M
202083270119,F
202083270120,M
202083270121,M
202083270122,M
202083270123,M
202083270124,F
202083270125,M
202083270126,F
202083270127,F
202083270128,M
202083270129,M
202083270130,F
202083270131,M
202083270132,M
202083270133,M
202083270134,M
202083270135,M
202083270136,M
202083270137,M
202083270138,M
202083270139,M
202083270140,M
202083270141,M
202083270142,M
202083270143,M
202083270144,M
202083270145,M
202083270146,M
202083270147,M
202083270148,M
202083270149,M
202083270150,M
202083270151,F
202083270152,M
202083270153,M
202083270154,F
202083270155,M
202083270156,M
202083270157,F
202083270158,F
202083270159,F
202083270160,M
202083270161,F
202083270162,M
202083270163,M
202083270164,M
202083270165,M
202083270166,F
202083270167,F
202083270168,M
202083270169,F
202083270170,F
202083270171,M
202083270172,F
202083270173,M
202083270174,M
202083270175,M
202083270176,M
202083270177,M
202083270178,F
202083270179,F
202083270180,F
202083270181,M
202083270182,M
202083270183,M
202083270184,M
202083270185,M
202083270186,M
202083270187,M
202083270188,M
202083270189,M
202083270190,M
202083270191,F
202083270192,M
202083270193,M
202083270194,M
202083270195,F
202083270196,M
202083270197,M
202083270198,M
202083270199,M
202083270200,M
202083270201,F
202083270202,M
202083270203,M
202083270204,M
202083270205,M
202083270206,M
202083270207,F
202083270208,M
202083270209,M
202083270210,M
202083270211,M
202083270212,M
202083270213,M
202083270214,M
202083270215,M
202083270216,M
202083270217,M
202083270218,M
202083270219,M
202083270220,M
202083270221,M
202083270222,M
202083270223,M
202083270224,M
202083270225,F
202083270226,M
202083270227,M
202083270228,M
202083270229,F
202083270230,F
202083270231,M
202083270232,F
202083270233,F
202083270234,M
202083270235,M
202083270236,F
202083270237,M
202083270238,F
202083270239,F
202083270240,M
202083270241,M
202083270242,F
202083270243,M
202083270244,F
202083270245,M
202083270246,M
202083270247,M
202083270248,F
202083270249,F
202083270250,M
202083270251,F
202083270252,M
202083270253,M
202083270254,M
202083270255,M
202083270256,F
202083270257,M
202083270258,M
202083270259,M
202083270260,F
202083270261,M
202083270262,M
202083270263,M
202083270264,F
202083270265,M
202083270266,M
202083270267,M
202083270268,M
202083270269,M
202083270270,M
202083270271,M
202083270272,M
202083270273,M
202083270274,M
202083270275,M
202083270276,F
202083270277,M
202083270278,M
202083270279,M
202083270280,M
202083270281,M
202083270282,M
202083270283,F
202083270284,F
202083270285,M
202083270286,M
202083270287,M
202083270288,M
202083270289,M
202083270290,F
202083270291,M
202083270292,M
202083270293,F
202083270294,M
202083270295,M
202083270296,M
202083270297,M
202083270298,M
202083270299,F
202083270300,F
202083270301,M
202083270302,M
202083270303,F
202083270304,M
202083270305,M
202083270306,M
202083270307,M
202083270308,M
202083270309,M
202083270310,M
202083270311,M
202083270312,M
202083270313,M
202083270314,M
202083270315,M
202083270316,M
202083270317,M
202083270318,F
202083270319,M
202083270320,M
202083270321,M
202083270322,F
202083270323,F
202083270324,F
202083270325,M
202083270326,F
202083270327,M
202083270328,M
202083270329,M
202083270330,M
202083270331,M
202083270332,M
202083270333,M
202083270334,M
202083270335,M
202083270336,F
202083270337,M
202083270338,M
202083270339,M
202083270340,M
202083270341,M
202083270342,M
202083270343,F
202083270344,M
202083270345,M
202083270346,M
202083270347,F
202083270348,M
202083270349,M
202083270350,M
202083270351,F
202083270352,M
202083270353,M
202083270354,F
202083270355,M
202083270356,F
202083270357,F
202083270358,M
202083270359,M
202083270360,F
202083270361,M
202083270362,M
202083270363,M
202083270364,F
202083270365,M
202083270366,M
202083270367,M
202083270368,F
202083270369,M
202083270370,M
202083270371,M
202083270372,M
202083270373,M
202083270374,F
202083270375,M
202083270376,M
202083270377,M
202083270378,M
202083270379,M
202083270380,M
202083270381,M
202083270382,M
202083270383,M
202083270384,F
202083270385,M
202083270386,M
202083270387,M
202083270388,F
202083270389,M
202083270390,F
202083270391,M
202083270392,M
202083270393,M
202083270394,M
202083270395,M
202083270396,M
202083270397,F
202083270398,F
202083270399,M
202083270400,M
202083270401,F
202083270402,M
202083270403,M
202083270404,F
202083270405,M
202083270406,M
202083270407,M
202083270408,F
202083270409,M
202083270410,M
202083270411,F
202083270412,M
202083270413,M
202083270414,F
202083270415,F
202083270416,M
202083270417,M
202083270418,F
202083270419,F
202083270420,M
202083270421,M
202083270422,M
202083270423,F
202083270424,M
202083270425,F
202083270426,M
202083270427,M
202083270428,M
202083270429,F
202083270430,M
202083270431,M
202083270432,M
202083270433,M
202083270434,M
202083270435,M
202083270436,M
202083270437,M
202083270438,F
202083270439,M
202083270440,M
202083270441,F
202083270442,M
202083270443,M
202083270444,M
202083270445,M
202083270446,M
202083270447,M
202083270448,M
202083270449,M
202083270450,M
202083270451,M
202083270452,F
202083270453,M
202083270454,M
202083270455,M
202083270456,M
202083270457,F
202083270458,M
202083270459,M
202083270460,F
202083270461,M
202083270462,M
202083270463,M
202083270464,M
202083270465,M
202083270466,F
202083270467,M
202083270468,M
202083270469,M
202083270470,M
202083270471,M
202083270472,M
202083270473,M
202083270474,M
202083270475,M
202083270476,F
202083270477,M
202083270478,M
202083270479,F
202083270480,F
202083270481,M
202083270482,M
202083270483,M
202083270484,M
202083270485,M
202083270486,M
202083270487,F
202083270488,F
202083270489,F
202083270490,M
202083280001,F
202083280002,F
202083280003,F
202083280004,M
202083280005,F
202083280006,M
202083280007,M
202083280008,M
202083280009,M
202083280010,M
202083280011,M
202083280012,F
202083280013,F
202083280014,F
202083280015,M
202083280016,M
202083280017,M
202083280018,F
202083280019,M
202083280020,F
202083280021,M
202083280022,M
202083280023,F
202083280024,F
202083280025,F
202083280026,M
202083280027,F
202083280028,F
202083280029,M
202083280030,F
202083280031,M
202083280032,M
202083280033,M
202083280034,F
202083280035,F
202083280036,M
202083280037,F
202083280038,M
202083280039,M
202083280040,F
202083280041,M
202083280042,M
202083280043,F
202083280044,F
202083280045,M
202083280046,M
202083280047,M
202083280048,F
202083280049,M
202083280050,F
202083280051,F
202083280052,M
202083280053,M
202083280054,F
202083280055,M
202083280056,M
202083280057,M
202083280058,F
202083280059,M
202083280060,M
202083280061,F
202083280062,M
202083280063,M
202083280064,F
202083280065,F
202083280066,F
202083280067,M
202083280068,M
202083280069,M
202083280070,F
202083280071,M
202083280072,F
202083280073,F
202083280074,M
202083280075,M
202083280076,M
202083280077,M
202083280078,M
202083280079,M
202083280080,F
202083280081,F
202083280082,M
202083280083,M
202083280084,M
202083280085,F
202083280086,F
202083280087,M
202083280088,F
202083280089,F
202083280090,F
202083280091,F
202083280092,F
202083280093,M
202083280094,F
202083280095,M
202083280096,M
202083280097,F
202083280098,M
202083280099,M
202083280100,F
202083280101,M
202083290001,M
202083290002,M
202083290003,M
202083290004,M
202083290005,M
202083290006,M
202083290007,M
202083290008,M
202083290009,F
202083290010,F
202083290011,M
202083290012,F
202083290013,M
202083290014,M
202083290015,F
202083290016,M
202083290017,M
202083290018,M
202083290019,M
202083290020,M
202083290021,M
202083290022,M
202083290023,M
202083290024,M
202083290025,M
202083290026,M
202083290027,M
202083290028,M
202083290029,F
202083290030,M
202083290031,F
202083290032,M
202083290033,F
202083290034,F
202083290035,M
202083290036,M
202083290037,M
202083290038,F
202083290039,M
202083290040,M
202083290041,M
202083290042,M
202083290043,F
202083290044,F
202083290045,M
202083290046,M
202083290047,M
202083290048,F
202083290049,M
202083290050,M
202083290051,M
202083290052,M
202083290053,M
202083290054,M
202083290055,F
202083290056,F
202083290057,M
202083290058,F
202083290059,M
202083290060,M
202083290061,M
202083290062,M
202083290063,M
202083290064,M
202083290065,F
202083290066,M
202083290067,M
202083290068,M
202083290069,M
202083290070,M
202083290071,M
202083290072,M
202083290073,M
202083290074,M
202083290075,M
202083290076,M
202083290077,F
202083290078,M
202083290079,M
202083290080,M
202083290081,M
202083290082,M
202083290083,M
202083290084,M
202083290085,M
202083290086,M
202083290087,M
202083290088,M
202083290089,M
202083290090,M
202083290091,M
202083290092,M
202083290093,M
202083290094,M
202083290095,M
202083290096,M
202083290097,M
202083290098,F
202083290099,M
202083290100,F
202083290101,F
202083290102,F
202083290103,F
202083290104,F
202083290105,M
202083290106,F
202083290107,M
202083290108,M
202083290109,M
202083290110,M
202083290111,M
202083290112,M
202083290113,F
202083290114,M
202083290115,M
202083290116,M
202083290117,M
202083290118,M
202083290119,M
202083290120,F
202083290121,M
202083290122,M
202083290123,M
202083290124,M
202083290125,M
202083290126,M
202083290127,F
202083290128,F
202083290129,F
202083290130,M
202083290131,M
202083290132,M
202083290133,F
202083290134,M
202083290135,M
202083290136,M
202083290137,M
202083290138,M
202083290139,M
202083290140,M
202083290141,F
202083290142,M
202083290143,M
202083290144,M
202083290145,M
202083290146,M
202083290147,M
202083290148,M
202083290149,M
202083290150,M
202083290151,M
202083290152,M
202083290153,M
202083290154,M
202083290155,M
202083290156,F
202083290157,M
202083290158,M
202083290159,F
202083290160,M
202083290161,F
202083290162,M
202083290163,M
202083290164,M
202083290165,M
202083290166,M
202083290167,M
202083290168,M
202083290169,M
202083290170,M
202083290171,M
202083290172,M
202083290173,M
202083290174,M
202083290175,F
202083290176,F
202083290177,M
202083290178,M
202083290179,F
202083290180,M
202083290181,M
202083290182,M
202083290183,F
202083290184,M
202083290185,M
202083290186,M
202083290187,M
202083290188,M
202083290189,M
202083290190,M
202083290191,M
202083290192,F
202083290193,M
202083290194,M
202083290195,M
202083290196,M
202083290197,M
202083290198,M
202083290199,M
202083290200,M
202083290201,M
202083290202,F
202083290203,F
202083290204,M
202083290205,M
202083290206,M
202083290207,M
202083290208,M
202083290209,M
202083290210,M
202083290211,F
202083290212,M
202083290213,F
202083290214,F
202083290215,M
202083290216,F
202083290217,M
202083290218,M
202083290219,M
202083290220,F
202083290221,F
202083290222,M
202083290223,M
202083290224,M
202083290225,M
202083290226,M
202083290227,F
202083290228,F
202083290229,F
202083290230,M
202083290231,M
202083290232,M
202083290233,M
202083290234,M
202083290235,M
202083290236,M
202083290237,M
202083290238,F
202083290239,M
202083290240,F
202083290241,M
202083290242,M
202083290243,M
202083290244,F
202083290245,M
202083290246,M
202083290247,M
202083290248,M
202083290249,F
202083290250,M
202083290251,M
202083290252,M
202083290253,M
202083290254,M
202083290255,M
202083290256,M
202083290257,M
202083290258,M
202083290259,M
202083290260,F
202083290261,M
202083290262,M
202083290263,M
202083290264,M
202083290265,M
202083290266,M
202083290267,F
202083290268,M
202083290269,F
202083290270,M
202083290271,M
202083290272,M
202083290273,M
202083290274,F
202083290275,M
202083290276,M
202083290277,F
202083290278,M
202083290279,M
202083290280,M
202083290281,M
202083290282,M
202083290283,M
202083290284,M
202083290285,M
202083290286,M
202083290287,M
202083290288,M
202083290289,M
202083290290,F
202083290291,M
202083290292,F
202083290293,M
202083290294,F
202083290295,F
202083290296,F
202083290297,M
202083290298,M
202083290299,M
202083290300,M
202083290301,M
202083290302,M
202083290303,M
202083290304,M
202083290305,M
202083290306,M
202083290307,M
202083290308,M
202083290309,M
202083290310,M
202083290311,M
202083290312,M
202083290313,M
202083290314,M
202083290315,M
202083290316,F
202083290317,M
202083290318,M
202083290319,F
202083290320,M
202083290321,M
202083290322,M
202083290323,F
202083290324,M
202083290325,F
202083290326,M
202083290327,M
202083290328,M
202083290329,M
202083290330,M
202083290331,M
202083290332,M
202083290333,F
202083290334,F
202083290335,F
202083290336,M
202083290337,F
202083290338,M
202083290339,M
202083290340,M
202083290341,M
202083290342,M
202083290343,M
202083290344,M
202083290345,F
202083290346,M
202083290347,F
202083290348,M
202083290349,M
202083290350,M
202083290351,M
202083290352,M
202083290353,M
202083290354,M
202083290355,F
202083290356,M
202083290357,M
202083290358,M
202083290359,M
202083290360,M
202083290361,F
202083290362,M
202083290363,M
202083290364,M
202083290365,M
202083290366,M
202083290367,M
202083290368,M
202083290369,M
202083290370,M
202083290371,M
202083290372,F
202083290373,M
202083290374,M
202083290375,F
202083290376,M
202083290377,M
202083290378,M
202083290379,M
202083290380,M
202083290381,M
202083290382,M
202083290383,M
202083290384,F
202083290385,M
202083290386,M
202083290387,M
202083290388,M
202083290389,M
202083290390,M
202083290391,M
202083290392,M
202083290393,M
202083290394,M
202083290395,F
202083290396,F
202083290397,M
202083290398,M
202083290399,F
202083290400,M
202083290401,F
202083290402,M
202083290403,M
202083290404,M
202083290405,F
202083290406,M
202083290407,M
202083290408,M
202083290409,M
202083290410,M
202083290411,F
202083290412,M
202083290413,F
202083290414,F
202083290415,M
202083290416,F
202083290417,M
202083290418,F
202083290419,M
202083290420,M
202083290421,M
202083290422,M
202083290423,M
202083290424,M
202083290425,M
202083290426,M
202083290427,M
202083290428,M
202083290429,M
202083290430,M
202083290431,M
202083290432,M
202083290433,M
202083290434,F
202083290435,M
202083290436,M
202083290437,F
202083290438,M
202083290439,M
202083290440,M
202083290441,M
202083290442,F
202083290443,M
202083290444,M
202083290445,M
202083290446,M
202083290447,M
202083290448,M
202083290449,M
202083290450,M
202083290451,M
202083290452,M
202083290453,M
202083290454,M
202083290455,M
202083290456,M
202083290457,M
202083290458,M
202083290459,F
202083290460,F
202083290461,M
202083290462,M
202083290463,M
202083290464,F
202083290465,M
202083290466,F
202083290467,M
202083290468,F
202083290469,M
202083290470,M
202083290471,M
202083290472,M
202083290473,F
202083290474,M
202083290475,F
202083290476,M
202083290477,F
202083290478,F
202083290479,M
202083290480,M
202083290481,M
202083290482,M
202083290483,M
202083290484,M
202083290485,M
202083290486,F
202083290487,M
202083290488,M
202083290489,M
202083290490,M
202083290491,M
202083290492,F
202083290493,M
202083290494,M
202083290495,M
202083290496,M
202083290497,M
202083290498,M
202083290499,M
202083290500,F
202083290501,M
202083290502,F
202083290503,M
202083290504,M
202083290505,M
202083290506,M
202083290507,M
202083290508,M
202083290509,M
202083290510,F
202083290511,M
202083290512,M
202083290513,F
202083290514,M
202083290515,M
202083290516,M
202083290517,M
202083290518,M
202083290519,M
202083290520,M
202083290521,M
202083290522,M
202083290523,M
202083290524,M
202083290525,M
202083290526,M
202083290527,M
202083290528,F
202083290529,M
202083290530,F
202083290531,M
202083290532,M
202083290533,F
202083290534,M
202083290535,M
202083290536,M
202083290537,F
202083290538,M
202083290539,M
202083290540,M
202083290541,F
202083290542,M
202083290543,M
202083290544,M
202083290545,F
202083290546,M
202083290547,F
202083290548,M
202083290549,M
202083290550,M
202083300001,M
202083300002,F
202083300003,F
202083300004,F
202083300005,F
202083300006,M
202083300007,F
202083300008,M
202083300009,M
202083300010,M
202083300011,F
202083300012,F
202083300013,M
202083300014,F
202083300015,M
202083300016,F
202083300017,F
202083300018,M
202083300019,F
202083300020,M
202083300021,M
202083300022,M
202083300023,F
202083300024,F
202083300025,M
202083300026,M
202083300027,F
202083300028,M
202083300029,F
202083300030,M
202083300031,F
202083300032,F
202083300033,M
202083300034,F
202083300035,M
202083300036,F
202083300037,F
202083300038,M
202083300039,M
202083300040,M
202083300041,M
202083300042,F
202083300043,F
202083300044,M
202083300045,M
202083300046,F
202083300047,M
202083300048,F
202083300049,F
202083300050,M
202083300051,M
202083300052,F
202083300053,F
202083300054,M
202083300055,M
202083300056,M
202083300057,M
202083300058,F
202083300059,F
202083300060,F
202083300061,F
202083300062,M
202083300063,M
202083300064,M
202083300065,F
202083300066,F
202083300067,M
202083300068,F
202083300069,F
202083300070,M
202083300071,F
202083300072,M
202083300073,F
202083300074,F
202083300075,F
202083300076,M
202083300077,M
202083300078,F
202083300079,M
202083300080,F
202083300081,F
202083300082,F
202083300083,M
202083300084,F
202083300085,F
202083300086,F
202083300087,M
202083300088,F
202083300089,M
202083300090,M
202083300091,F
202083300092,F
202083300093,M
202083300094,M
202083300095,M
202083300096,F
202083300097,M
202083300098,M
202083300099,M
202083300100,M
202083300101,F
202083300102,F
202083300103,M
202083300104,F
202083300105,F
202083300106,M
202083300107,F
202083300108,F
202083300109,F
202083300110,M
202083300111,M
202083300112,M
202083300113,F
202083300114,M
202083300115,M
202083300116,M
202083300117,F
202083300118,M
202083300119,F
202083300120,M
202083300121,F
202083300122,F
202083300123,M
202083300124,F
202083300125,M
202083300126,M
202083300127,F
202083300128,F
202083300129,M
202083300130,M
202083300131,M
202083300132,M
202083300133,M
202083300134,F
202083300135,M
202083300136,M
202083300137,F
202083300138,F
202083300139,F
202083300140,F
202083300141,F
202083300142,M
202083300143,M
202083300144,M
202083300145,M
202083300146,M
202083300147,F
202083300148,F
202083300149,F
202083300150,F
202083300151,F
202083300152,M
202083300153,F
202083300154,F
202083300155,M
202083300156,M
202083300157,F
202083300158,M
202083300159,M
202083300160,M
202083300161,F
202083300162,F
202083300163,F
202083300164,F
202083300165,M
202083300166,F
202083300167,F
202083300168,M
202083300169,F
202083300170,F
202083300171,M
202083300172,F
202083300173,F
202083300174,M
202083300175,F
202083300176,F
202083300177,M
202083300178,F
202083300179,M
202083300180,M
202083300181,F
202083300182,M
202083300183,M
202083300184,F
202083300185,M
202083300186,F
202083300187,M
202083300188,F
202083300189,M
202083300190,F
202083300191,M
202083300192,M
202083300193,M
202083300194,F
202083300195,F
202083300196,M
202083300197,M
202083300198,F
202083300199,F
202083300200,M
202083300201,F
202083300202,M
202083300203,M
202083300204,M
202083300205,M
202083300206,F
202083300207,F
202083300208,M
202083300209,F
202083300210,M
202083300211,F
202083300212,F
202083300213,F
202083300214,M
202083300215,M
202083300216,F
202083300217,F
202083300218,F
202083300219,M
202083300220,M
202083300221,M
202083300222,M
202083300223,F
202083300224,F
202083300225,M
202083300226,F
202083300227,M
202083300228,F
202083300229,M
202083300230,F
202083300231,F
202083300232,F
202083300233,M
202083300234,M
202083300235,M
202083300236,M
202083300237,F
202083300238,F
202083300239,F
202083300240,F
202083300241,F
202083300242,M
202083300243,F
202083300244,F
202083300245,F
202083300246,M
202083300247,M
202083300248,F
202083300249,M
202083300250,M
202083300251,M
202083300252,M
202083300253,F
202083300254,M
202083300255,M
202083300256,F
202083300257,F
202083300258,M
202083300259,M
202083300260,F
202083300261,F
202083300262,F
202083300263,F
202083300264,M
202083300265,M
202083300266,M
202083300267,F
202083300268,F
202083300269,M
202083300270,M
202083300271,F
202083300272,M
202083300273,F
202083300274,M
202083300275,M
202083300276,M
202083300277,M
202083300278,F
202083300279,F
202083300280,F
202083300281,M
202083300282,F
202083300283,F
202083300284,F
202083300285,F
202083300286,F
202083300287,F
202083300288,M
202083300289,M
202083300290,M
202083300291,F
202083300292,F
202083300293,M
202083300294,F
202083300295,F
202083300296,M
202083300297,M
202083300298,M
202083300299,F
202083300300,F
202083300301,M
202083300302,F
202083300303,M
202083300304,F
202083300305,M
202083300306,M
202083300307,F
202083300308,M
202083300309,M
202083300310,F
202083300311,F
202083300312,M
202083300313,M
202083300314,M
202083300315,M
202083300316,F
202083300317,M
202083300318,M
202083300319,M
202083300320,F
202083300321,F
202083300322,F
202083300323,M
202083300324,F
202083300325,M
202083300326,M
202083300327,M
202083300328,M
202083300329,F
202083300330,M
202083300331,M
202083300332,F
202083300333,M
202083300334,F
202083300335,M
202083300336,M
202083300337,F
202083300338,F
202083300339,F
202083300340,M
202083300341,F
202083300342,F
202083300343,M
202083300344,M
202083300345,F
202083300346,F
202083300347,F
202083300348,F
202083300349,M
202083300350,F
202083300351,F
202083300352,F
202083300353,M
202083300354,F
202083300355,M
202083300356,M
202083300357,F
202083300358,F
202083300359,F
202083300360,M
202083300361,F
202083300362,F
202083300363,M
202083300364,M
202083300365,F
202083300366,F
202083300367,F
202083300368,M
202083300369,M
202083300370,M
202083300371,F
202083300372,M
202083300373,M
202083300374,M
202083300375,M
202083300376,F
202083300377,F
202083300378,M
202083300379,M
202083300380,M
202083300381,M
202083300382,M
202083300383,F
202083300384,M
202083300385,F
202083300386,F
202083300387,F
202083300388,F
202083300389,F
202083300390,F
202083300391,M
202083300392,M
202083300393,M
202083300394,F
202083300395,F
202083300396,M
202083300397,M
202083300398,M
202083300399,M
202083300400,M
202083300401,F
202083300402,F
202083300403,F
202083300404,F
202083300405,M
202083300406,F
202083300407,F
202083300408,M
202083300409,F
202083300410,F
202083300411,F
202083300412,F
202083300413,F
202083300414,M
202083300415,M
202083300416,M
202083300417,M
202083300418,M
202083300419,F
202083300420,F
202083300421,F
202083300422,F
202083300423,M
202083300424,M
202083300425,M
202083300426,F
202083300427,F
202083300428,M
202083300429,M
202083300430,F
202083300431,M
202083300432,F
202083300433,F
202083300434,F
202083300435,M
202083300436,M
202083300437,M
202083300438,F
202083300439,M
202083300440,M
202083300441,F
202083300442,M
202083300443,M
202083300444,F
202083300445,M
202083300446,F
202083300447,F
202083300448,M
202083300449,F
202083300450,F
202083300451,F
202083300452,F
202083300453,M
202083300454,M
202083300455,F
202083300456,M
202083300457,F
202083300458,M
202083300459,F
202083300460,F
202083300461,M
202083300462,M
202083300463,M
202083300464,M
202083300465,M
202083300466,F
202083300467,M
202083300468,F
202083300469,F
202083300470,F
202083300471,F
202083300472,M
202083300473,M
202083300474,M
202083300475,F
202083300476,M
202083300477,M
202083300478,F
202083300479,F
202083300480,F
202083300481,M
202083300482,F
202083300483,M
202083300484,F
202083300485,F
202083300486,F
202083300487,M
202083300488,F
202083300489,F
202083300490,M
202083300491,M
202083300492,M
202083300493,M
202083300494,M
202083300495,M
202083300496,F
202083300497,F
202083300498,F
202083300499,M
202083300500,F
202083300501,M
202083300502,M
202083300503,M
202083300504,M
202083300505,M
202083300506,F
202083300507,F
202083300508,F
202083300509,M
202083300510,M
202083300511,M
202083300512,M
202083300513,F
202083300514,F
202083300515,M
202083300516,M
202083300517,F
202083300518,M
202083300519,M
202083300520,F
202083300521,F
202083300522,F
202083300523,F
202083300524,M
202083300525,M
202083300526,M
202083300527,F
202083300528,F
202083300529,F
202083300530,F
202083300531,F
202083300532,M
202083300533,F
202083300534,M
202083300535,F
202083300536,M
202083300537,F
202083300538,M
202083300539,M
202083300540,F
202083300541,F
202083300542,M
202083300543,F
202083300544,M
202083300545,M
202083300546,F
202083300547,F
202083300548,F
202083300549,F
202083300550,M
202083300551,M
202083300552,M
202083300553,F
202083300554,M
202083300555,F
202083300556,F
202083300557,F
202083300558,M
202083300559,M
202083300560,M
202083300561,M
202083300562,M
202083300563,M
202083300564,M
202083300565,F
202083300566,F
202083300567,F
202083300568,F
202083300569,F
202083300570,M
202083300571,F
202083300572,F
202083300573,F
202083300574,F
202083300575,M
202083300576,M
202083300577,M
202083300578,F
202083300579,F
202083300580,M
202083300581,F
202083300582,F
202083300583,M
202083300584,F
202083300585,M
202083300586,M
202083300587,F
202083300588,F
202083300589,F
202083300590,M
202083300591,M
202083300592,M
202083300593,M
202083300594,F
202083300595,F
202083300596,F
202083300597,F
202083300598,M
202083300599,F
202083300600,M
202083300601,M
202083300602,F
202083300603,F
202083300604,M
202083300605,F
202083300606,M
202083300607,F
202083300608,M
202083300609,F
202083300610,F
202083300611,F
202083300612,F
202083300613,M
202083300614,M
202083300615,F
202083300616,F
202083300617,M
202083300618,M
202083300619,F
202083300620,M
202083300621,M
202083300622,M
202083300623,F
202083300624,M
202083300625,M
202083300626,F
202083300627,F
202083300628,M
202083300629,F
202083300630,F
202083300631,F
202083300632,F
202083300633,F
202083300634,F
202083300635,M
202083300636,F
202083300637,M
202083300638,F
202083300639,F
202083300640,M
202083300641,M
202083300642,F
202083300643,M
202083300644,F
202083300645,F
202083300646,F
202083300647,M
202083300648,F
202083300649,M
202083300650,M
202083300651,M
202083300652,M
202083300653,F
202083300654,F
202083300655,M
202083300656,M
202083300657,M
202083300658,F
202083300659,M
202083300660,F
202083300661,M
202083300662,M
202083300663,M
202083300664,F
202083300665,M
202083300666,M
202083300667,F
202083300668,M
202083300669,M
202083300670,F
202083300671,M
202083300672,M
202083300673,F
202083300674,F
202083300675,F
202083300676,M
202083300677,M
202083300678,F
202083300679,M
202083300680,F
202083300681,F
202083300682,M
202083300683,M
202083300684,M
202083300685,M
202083300686,M
202083300687,F
202083300688,M
202083300689,F
202083300690,M
202083300691,F
202083300692,M
202083300693,F
202083300694,F
202083300695,M
202083300696,M
202083300697,F
202083300698,F
202083300699,F
202083300700,F
202083300701,M
202083300702,M
202083300703,F
202083300704,F
202083300705,F
202083300706,F
202083300707,M
202083300708,M
202083300709,M
202083300710,M
202083300711,F
202083300712,F
202083300713,M
202083300714,M
202083300715,F
202083300716,M
202083300717,M
202083300718,M
202083300719,F
202083300720,M
202083300721,F
202083300722,M
202083300723,F
202083300724,F
202083300725,M
202083300726,M
202083300727,M
202083300728,M
202083300729,F
202083300730,M
202083300731,F
202083300732,F
202083300733,F
202083300734,M
202083300735,F
202083300736,F
202083300737,M
202083300738,F
202083300739,F
202083300740,F
202083300741,M
202083300742,F
202083300743,F
202083300744,M
202083300745,M
202083300746,F
202083300747,M
202083300748,M
202083300749,M
202083300750,F
202083300751,M
202083300752,F
202083300753,F
202083300754,M
202083300755,M
202083300756,M
202083300757,M
202083300758,F
202083300759,M
202083300760,F
202083300761,F
202083300762,F
202083300763,F
202083300764,F
202083300765,M
202083300766,M
202083300767,F
202083300768,M
202083300769,M
202083300770,M
202083300771,F
202083300772,M
202083300773,F
202083300774,M
202083300775,F
202083300776,F
202083300777,M
202083300778,F
202083300779,M
202083300780,F
202083300781,F
202083300782,F
202083300783,F
202083300784,M
202083300785,M
202083300786,M
202083300787,M
202083300788,M
202083300789,F
202083300790,M
202083300791,M
202083300792,F
202083300793,M
202083300794,F
202083300795,F
202083300796,M
202083300797,F
202083300798,F
202083300799,M
202083300800,F
202083300801,M
202083300802,F
202083300803,M
202083300804,M
202083300805,F
202083300806,F
202083300807,F
202083300808,F
202083300809,F
202083300810,F
202083300811,F
202083300812,M
202083300813,M
202083300814,M
202083300815,M
202083300816,F
202083300817,F
202083300818,M
202083300819,M
202083300820,M
202083300821,F
202083300822,M
202083300823,M
202083300824,M
202083300825,F
202083300826,M
202083300827,F
202083300828,F
202083300829,M
202083300830,F
202083300831,M
202083300832,M
202083300833,M
202083300834,M
202083300835,M
202083300836,F
202083300837,M
202083300838,F
202083300839,M
202083300840,M
202083300841,F
202083300842,F
202083300843,F
202083300844,F
202083300845,F
202083300846,F
202083300847,F
202083300848,F
202083300849,M
202083300850,M
202083300851,F
202083300852,M
202083300853,F
202083300854,M
202083300855,F
202083300856,F
202083300857,F
202083300858,M
202083300859,M
202083300860,M
202083300861,F
202083300862,M
202083300863,M
202083300864,M
202083300865,M
202083300866,F
202083300867,F
202083300868,F
202083300869,F
202083300870,M
202083300871,F
202083300872,F
202083300873,M
202083300874,F
202083300875,M
202083300876,F
202083300877,F
202083300878,F
202083300879,M
202083300880,F
202083300881,F
202083300882,M
202083300883,M
202083300884,F
202083300885,M
202083300886,M
202083300887,M
202083300888,M
202083300889,M
202083300890,F
202083300891,M
202083300892,M
202083300893,F
202083300894,F
202083300895,M
202083300896,F
202083300897,M
202083300898,M
202083300899,F
202083300900,F
202083300901,F
202083300902,F
202083300903,F
202083300904,M
202083300905,F
202083300906,F
202083300907,F
202083300908,M
202083300909,M
202083300910,M
202083300911,F
202083300912,F
202083300913,M
202083300914,F
202083300915,M
202083300916,F
202083300917,M
202083300918,M
202083300919,M
202083300920,F
202083300921,F
202083300922,M
202083300923,F
202083300924,M
202083300925,M
202083300926,M
202083300927,F
202083300928,M
202083300929,F
202083300930,F
202083300931,M
202083300932,F
202083300933,M
202083300934,M
202083300935,M
202083300936,M
202083300937,F
202083300938,F
202083300939,M
202083300940,M
202083300941,F
202083300942,F
202083300943,M
202083310001,M
202083310002,M
202083310003,F
202083310004,F
202083310005,F
202083310006,F
202083310007,F
202083310008,M
202083310009,M
202083310010,F
202083310011,F
202083310012,M
202083310013,F
202083310014,F
202083310015,F
202083310016,F
202083310017,F
202083310018,F
202083310019,M
202083310020,M
202083310021,F
202083310022,F
202083310023,F
202083310024,F
202083310025,M
202083310026,M
202083310027,M
202083310028,F
202083310029,M
202083310030,M
202083310031,M
202083310032,M
202083310033,M
202083310034,M
202083310035,F
202083310036,F
202083310037,F
202083310038,F
202083310039,M
202083310040,F
202083310041,M
202083310042,F
202083310043,F
202083310044,M
202083310045,F
202083310046,F
202083310047,M
202083310048,M
202083310049,M
202083310050,F
202083310051,M
202083310052,M
202083310053,F
202083310054,F
202083310055,M
202083310056,F
202083310057,F
202083310058,M
202083310059,M
202083310060,M
202083310061,F
202083310062,F
202083310063,M
202083310064,F
202083310065,M
202083310066,M
202083310067,M
202083310068,M
202083310069,M
202083310070,F
202083310071,F
202083310072,F
202083310073,M
202083310074,F
202083310075,M
202083310076,M
202083310077,M
202083310078,F
202083310079,F
202083310080,M
202083310081,F
202083310082,M
202083320001,M
202083320002,M
202083320003,M
202083320004,F
202083320005,F
202083320006,M
202083320007,M
202083320008,M
202083320009,M
202083320010,M
202083320011,M
202083320012,M
202083320013,M
202083320014,M
202083320015,F
202083320016,F
202083320017,F
202083320018,M
202083320019,M
202083320020,M
202083320021,M
202083320022,M
202083320023,M
202083320024,M
202083320025,M
202083320026,M
202083320027,M
202083320028,M
202083320029,M
202083320030,F
202083320031,M
202083320032,M
202083320033,M
202083320034,M
202083320035,M
202083320036,F
202083320037,M
202083320038,M
202083320039,M
202083320040,M
202083320041,F
202083320042,M
202083320043,M
202083320044,M
202083320045,F
202083320046,M
202083320047,M
202083320048,M
202083320049,M
202083320050,M
202083320051,M
202083320052,M
202083320053,M
202083320054,M
202083320055,M
202083320056,M
202083320057,M
202083320058,F
202083320059,M
202083320060,M
202083320061,M
202083320062,F
202083320063,M
202083320064,M
202083320065,M
202083320066,M
202083320067,M
202083320068,M
202083320069,M
202083320070,M
202083320071,F
202083320072,M
202083320073,M
202083320074,M
202083320075,F
202083320076,M
202083320077,M
202083320078,M
202083320079,M
202083320080,M
202083320081,M
202083320082,F
202083320083,M
202083320084,M
202083320085,M
202083320086,F
202083320087,M
202083320088,M
202083320089,M
202083320090,F
202083320091,M
202083320092,M
202083320093,F
202083320094,M
202083320095,M
202083320096,M
202083320097,M
202083320098,M
202083320099,M
202083320100,F
202083320101,M
202083320102,M
202083320103,M
202083320104,M
202083320105,M
202083320106,M
202083320107,M
202083320108,M
202083320109,F
202083320110,M
202083330001,F
202083330002,M
202083330003,F
202083330004,F
202083330005,M
202083330006,M
202083330007,M
202083330008,M
202083330009,F
202083330010,F
202083330011,M
202083330012,F
202083330013,M
202083330014,M
202083330015,F
202083330016,M
202083330017,M
202083330018,M
202083330019,F
202083330020,M
202083330021,F
202083330022,F
202083330023,M
202083330024,M
202083330025,F
202083330026,F
202083330027,F
202083330028,M
202083330029,M
202083330030,M
202083330031,F
202083330032,F
202083330033,M
202083330034,M
202083330035,F
202083330036,F
202083330037,F
202083330038,M
202083330039,M
202083330040,F
202083330041,F
202083330042,F
202083330043,M
202083330044,M
202083330045,F
202083330046,M
202083330047,M
202083330048,F
202083330049,F
202083330050,M
202083330051,F
202083330052,F
202083330053,F
202083330054,M
202083330055,F
202083330056,F
202083330057,M
202083330058,F
202083330059,M
202083330060,M
202083330061,M
202083330062,F
202083330063,M
202083330064,F
202083330065,M
202083330066,F
202083330067,F
202083330068,M
202083330069,F
202083330070,M
202083330071,F
202083330072,M
202083330073,M
202083330074,F
202083330075,M
202083330076,M
202083330077,M
202083330078,F
202083330079,M
202083330080,M
202083330081,M
202083330082,F
202083330083,M
202083330084,M
202083330085,M
202083330086,F
202083330087,M
202083330088,M
202083350001,F
202083350002,F
202083350003,M
202083350004,M
202083350005,F
202083350006,M
202083350007,M
202083350008,M
202083350009,M
202083350010,M
202083350011,F
202083350012,M
202083350013,F
202083350014,F
202083350015,M
202083350016,M
202083350017,M
202083350018,M
202083350019,M
202083350020,F
202083350021,M
202083350022,F
202083350023,M
202083350024,M
202083350025,M
202083350026,F
202083350027,F
202083350028,M
202083350029,M
202083350030,M
202083350031,M
202083350032,F
202083350033,M
202083350034,F
202083350035,M
202083350036,M
202083350037,F
202083350038,F
202083350039,F
202083350040,F
202083350041,M
202083350042,F
202083360001,M
202083360002,M
202083360003,M
202083360004,M
202083360005,M
202083360006,F
202083360007,F
202083360008,F
202083360009,F
202083360010,F
202083360011,M
202083360012,M
202083360013,M
202083360014,M
202083360015,M
202083360016,F
202083360017,M
202083360018,M
202083360019,M
202083360020,M
202083360021,F
202083360022,M
202083360023,F
202083360024,M
202083360025,M
202083360026,M
202083360027,M
202083360028,F
202083360029,M
202083360030,F
202083360031,M
202083360032,M
202083360033,M
202083360034,F
202083360035,M
202083360036,M
202083360037,M
202083360038,M
202083360039,M
202083360040,F
202083360041,M
202083360042,F
202083360043,M
202083360044,F
202083360045,M
202083360046,M
202083360047,M
202083360048,M
202083360049,M
202083360050,F
202083360051,M
202083370001,M
202083370002,M
202083370003,M
202083370004,M
202083370005,M
202083370006,M
202083370007,M
202083370008,F
202083370009,M
202083370010,M
202083370011,M
202083370012,M
202083370013,M
202083370014,M
202083370015,M
202083370016,M
202083370017,M
202083370018,F
202083370019,M
202083370020,M
202083370021,F
202083370022,M
202083370023,M
202083370024,M
202083370025,M
202083370026,F
202083370027,M
202083370028,M
202083370029,M
202083370030,M
202083370031,M
202083370032,M
202083370033,F
202083370034,M
202083370035,M
202083370036,M
202083370037,M
202083370038,M
202083370039,F
202083370040,F
202083380001,M
202083380002,M
202083380003,M
202083380004,F
202083380005,F
202083380006,M
202083380007,F
202083380008,M
202083380009,M
202083380010,F
202083380011,M
202083380012,M
202083380013,F
202083380014,M
202083380015,F
202083380016,F
202083380017,F
202083380018,F
202083380019,M
202083380020,M
202083380021,M
202083380022,F
202083380023,M
202083380024,F
202083380025,M
202083380026,M
202083380027,F
202083380028,M
202083380029,M
202083380030,M
202083380031,F
202083380032,M
202083380033,F
202083380034,M
202083380035,M
202083380036,F
202083380037,M
202083380038,F
202083380039,F
202083380040,M
202083380041,F
202083390001,F
202083390002,F
202083390003,F
202083390004,M
202083390005,M
202083390006,M
202083390007,M
202083390008,F
202083390009,M
202083390010,F
202083390011,F
202083390012,F
202083390013,F
202083390014,F
202083390015,F
202083390016,F
202083390017,M
202083390018,F
202083390019,F
202083390020,F
202083390021,M
202083390022,M
202083390023,M
202083390024,F
202083390025,M
202083390026,F
202083390027,M
202083390028,M
202083390029,M
202083390030,M
202083390031,F
202083390032,F
202083390033,M
202083390034,F
202083390035,M
202083390036,M
202083390037,F
202083390038,F
202083390039,M
202083390040,F
202083400001,F
202083400002,F
202083400003,F
202083400004,F
202083400005,F
202083400006,F
202083400007,F
202083400008,M
202083400009,M
202083400010,F
202083400011,F
202083400012,F
202083400013,F
202083400014,F
202083400015,M
202083400016,F
202083400017,F
202083400018,F
202083400019,F
202083400020,F
202083400021,F
202083400022,F
202083400023,M
202083400024,F
202083400025,F
202083400026,M
202083400027,F
202083400028,F
202083400029,M
202083400030,F
202083400031,F
202083400032,F
202083400033,F
202083400034,F
202083400035,F
202083400036,F
202083400037,F
202083400038,F
202083400039,F
202083400040,F
202083400041,F
202083400042,F
202083400043,F
202083400044,F
202083400045,M
202083400046,F
202083400047,F
202083400048,M
202083400049,F
202083400050,M
202083400051,F
202083400052,F
202083400053,F
202083400054,F
202083400055,F
202083400056,F
202083400057,F
202083400058,F
202083400059,F
202083400060,F
202083400061,F
202083400062,F
202083400063,F
202083400064,F
202083400065,F
202083400066,F
202083400067,F
202083400068,F
202083400069,F
202083400070,F
202083400071,F
202083400072,F
202083400073,F
202083400074,F
202083400075,F
202083400076,F
202083400077,F
202083400078,M
202083400079,M
202083400080,F
202083400081,F
202083400082,F
202083400083,F
202083400084,F
202083400085,F
202083400086,F
202083400087,F
202083400088,F
202083410001,F
202083410002,F
202083410003,F
202083410004,F
202083410005,F
202083410006,F
202083410007,F
202083410008,F
202083410009,F
202083410010,F
202083410011,F
202083410012,F
202083410013,F
202083410014,F
202083410015,F
202083410016,M
202083410017,F
202083410018,F
202083410019,F
202083410020,F
202083410021,F
202083410022,F
202083410023,F
202083410024,F
202083410025,F
202083410026,F
202083410027,F
202083410028,F
202083410029,F
202083410030,F
202083410031,M
202083410032,F
202083410033,F
202083410034,F
202083410035,F
202083410036,F
202083410037,F
202083410038,F
202083410039,F
202083410040,F
202083410041,F
202083410042,F
202083410043,F
202083410044,F
202083410045,F
202083410046,F
202083410047,F
202083410048,F
202083410049,F
202083410050,M
202083410051,F
202083410052,F
202083410053,F
202083410054,F
202083410055,F
202083410056,F
202083410057,F
202083410058,F
202083410059,F
202083410060,F
202083410061,F
202083410062,F
202083410063,F
202083410064,F
202083410065,F
202083410066,F
202083410067,F
202083410068,F
202083410069,F
202083410070,F
202083410071,F
202083410072,F
202083410073,M
202083410074,F
202083410075,F
202083410076,F
202083410077,F
202083410078,F
202083410079,F
202083410080,F
202083410081,F
202083410082,F
202083410083,F
202083410084,F
202083410085,F
202083410086,F
202083410087,F
202083410088,F
202083410089,F
202083410090,F
202083410091,F
202083410092,F
202083410093,F
202083420001,F
202083420002,F
202083420003,M
202083420004,M
202083420005,M
202083420006,F
202083420007,F
202083420008,F
202083420009,F
202083420010,F
202083420011,M
202083420012,M
202083420013,F
202083420014,M
202083420015,M
202083420016,F
202083420017,M
202083420018,F
202083420019,M
202083420020,F
202083420021,F
202083420022,M
202083420023,F
202083420024,M
202083420025,M
202083420026,M
202083420027,F
202083420028,F
202083420029,M
202083420030,F
202083420031,F
202083420032,M
202083420033,M
202083420034,F
202083420035,F
202083420036,M
202083420037,F
202083420038,M
202083420039,F
202083420040,F
202083420041,F
202083420042,F
202083420043,F
202083420044,F
202083420045,F
202083420046,F
202083420047,F
202083420048,M
202083420049,F
202083420050,M
202083420051,F
202083420052,F
202083420053,M
202083420054,M
202083420055,F
202083420056,F
202083420057,M
202083420058,M
202083420059,F
202083420060,M
202083420061,M
202083420062,F
202083420063,M
202083420064,F
202083420065,F
202083420066,M
202083420067,F
202083420068,M
202083420069,F
202083420070,F
202083420071,F
202083420072,M
202083420073,F
202083420074,M
202083420075,F
202083420076,F
202083420077,F
202083420078,F
202083420079,F
202083420080,F
202083420081,M
202083420082,F
202083420083,F
202083420084,F
202083420085,F
202083420086,F
202083420087,F
202083420088,F
202083420089,M
202083420090,F
202083420091,M
202083420092,F
202083420093,M
202083420094,M
202083420095,F
202083420096,M
202083430001,M
202083430002,M
202083430003,F
202083430004,M
202083430005,F
202083430006,M
202083430007,M
202083430008,F
202083430009,M
202083430010,M
202083430011,F
202083430012,F
202083430013,F
202083430014,F
202083430015,F
202083430016,F
202083430017,M
202083430018,F
202083430019,M
202083430020,M
202083430021,M
202083430022,M
202083430023,M
202083430024,M
202083430025,F
202083430026,F
202083430027,F
202083430028,M
202083430029,M
202083430030,F
202083430031,F
202083430032,F
202083430033,F
202083430034,F
202083430035,F
202083430036,F
202083430037,M
202083430038,M
202083440001,F
202083440002,M
202083440003,F
202083440004,M
202083440005,M
202083440006,F
202083440007,F
202083440008,M
202083440009,M
202083440010,M
202083440011,M
202083440012,F
202083440013,F
202083440014,M
202083440015,F
202083440016,F
202083440017,M
202083440018,M
202083440019,F
202083440020,M
202083440021,M
202083440022,F
202083440023,M
202083440024,M
202083440025,M
202083440026,F
202083440027,M
202083440028,F
202083440029,M
202083440030,M
202083440031,M
202083440032,M
202083440033,M
202083440034,M
202083440035,F
202083440036,M
202083450001,M
202083450002,M
202083450003,M
202083450004,M
202083450005,M
202083450006,M
202083450007,F
202083450008,M
202083450009,M
202083450010,F
202083450011,M
202083450012,M
202083450013,F
202083450014,F
202083450015,F
202083450016,F
202083450017,M
202083450018,M
202083450019,F
202083450020,M
202083450021,F
202083450022,F
202083450023,F
202083450024,M
202083450025,M
202083450026,M
202083450027,F
202083450028,M
202083450029,F
202083450030,M
202083450031,M
202083450032,M
202083450033,M
202083450034,M
202083450035,F
202083450036,M
202083450037,M
202083450038,M
202083450039,F
202083450040,M
202083450041,F
202083450042,F
202083450043,M
202083450044,M
202083450045,M
202083450046,M
202083450047,M
202083450048,F
202083450049,M
202083450050,M
202083450051,F
202083450052,M
202083450053,F
202083450054,F
202083450055,M
202083450056,M
202083450057,M
202083450058,F
202083450059,M
202083450060,M
202083450061,F
202083450062,F
202083450063,M
202083450064,F
202083450065,M
202083450066,F
202083450067,M
202083450068,M
202083450069,F
202083450070,M
202083450071,F
202083450072,M
202083450073,M
202083450074,F
202083450075,M
202083450076,M
202083450077,M
202083450078,M
202083450079,F
202083450080,M
202083450081,M
202083450082,M
202083450083,M
202083450084,F
202083450085,F
202083450086,M
202083450087,M
202083450088,M
202083450089,M
202083450090,M
202083450091,F
202083450092,M
202083450093,M
202083450094,F
202083450095,M
202083450096,M
202083450097,F
202083450098,M
202083450099,F
202083450100,F
202083450101,M
202083450102,F
202083450103,F
202083450104,M
202083450105,F
202083460001,F
202083460002,M
202083460003,F
202083460004,M
202083460005,M
202083460006,M
202083460007,M
202083460008,M
202083460009,M
202083460010,M
202083460011,M
202083460012,M
202083460013,M
202083460014,M
202083460015,M
202083460016,M
202083460017,M
202083460018,F
202083460019,M
202083460020,M
202083460021,M
202083460022,M
202083460023,F
202083460024,M
202083460025,M
202083460026,M
202083460027,M
202083460028,M
202083460029,M
202083460030,F
202083460031,M
202083460032,F
202083460033,M
202083460034,M
202083460035,M
202083460036,F
202083460037,M
202083460038,F
202083460039,M
202083460040,M
202083460041,M
202083460042,F
202083460043,M
202083460044,F
202083460045,M
202083460046,M
202083460047,M
202083460048,M
202083460049,M
202083460050,F
202083460051,F
202083460052,M
202083460053,M
202083460054,F
202083460055,M
202083460056,M
202083460057,M
202083460058,M
202083460059,M
202083460060,M
202083460061,M
202083460062,F
202083460063,M
202083460064,M
202083460065,M
202083460066,M
202083460067,M
202083460068,M
202083460069,M
202083460070,F
202083460071,M
202083460072,M
202083460073,F
202083460074,F
202083460075,M
202083460076,M
202083460077,M
202083460078,F
202083460079,M
202083460080,M
202083460081,M
202083460082,M
202083460083,M
202083460084,M
202083460085,F
202083460086,M
202083460087,M
202083460088,M
202083460089,M
202083460090,M
202083460091,F
202083460092,F
202083670001,M
202083670002,M
202083670003,M
202083670004,M
202083670005,F
202083670006,F
202083670007,M
202083670008,M
202083670009,M
202083670010,M
202083670011,M
202083670012,F
202083670013,F
202083670014,F
202083670015,F
202083670016,M
202083670017,F
202083670018,F
202083670019,F
202083670020,F
202083670021,M
202083670022,F
202083670023,F
202083670024,F
202083670025,M
202083670026,F
202083670027,F
202083670028,M
202083670029,F
202083670030,F
202083670031,M
202083670032,M
202083670033,M
202083670034,F
202083670035,M
202083670036,M
202083670037,F
202083670038,M
202083670039,M
202083670040,M
202083670041,M
202083670042,M
202083670043,M
202083670044,F
202083670045,F
202083670046,F
202083670047,M
202083670048,M
202083670049,M
202083670050,F
202083670051,F
202083670052,F
202083670053,F
202083670054,M
202083670055,M
202083670056,F
202083670057,M
202083670058,F
202083670059,F
202083670060,M
202083670061,M
202083670062,M
202083670063,F
202083670064,F
202083670065,F
202083670066,M
202083670067,F
202083670068,M
202083670069,F
202083670070,F
202083670071,M
202083670072,F
202083670073,M
202083670074,M
202083670075,F
202083670076,M
202083670077,F
202083670078,M
202083670079,M
202083670080,M
202083670081,F
202083670082,M
202083670083,F
202083670084,M
202083670085,F
202083670086,F
202083670087,M
202083670088,M
202083670089,M
202083670090,M
202083670091,M
202083670092,F
202083670093,F
202083670094,M
202083670095,M
202083670096,F
202083670097,M
202083670098,F
202083670099,M
202083670100,F
202083670101,F
202083670102,F
202083670103,M
202083670104,F
202083670105,M
202083670106,F
202083670107,F
202083670108,F
202083670109,F
202083670110,F
202083670111,M
202083670112,F
202083670113,M
202083670114,F
202083670115,M
202083670116,M
202083670117,M
202083670118,F
202083670119,M
202083670120,F
202083670121,M
202083670122,F
202083670123,M
202083670124,M
202083670125,M
202083670126,F
202083670127,F
202083670128,F
202083670129,M
202083670130,M
202083670131,F
202083670132,M
202083670133,M
202083670134,M
202083670135,M
202083670136,M
202083670137,M
202083670138,F
202083670139,F
202083670140,F
202083670141,F
202083670142,M
202083670143,M
202083670144,F
202083670145,M
202083670146,M
202083670147,M
202083670148,F
202083670149,F
202083670150,F
202083670151,M
202083670152,F
202083670153,F
202083670154,F
202083670155,M
202083670156,M
202083670157,M
202083670158,M
202083670159,F
202083670160,F
202083680001,M
202083680002,M
202083680003,F
202083680004,F
202083680005,F
202083680006,M
202083680007,M
202083680008,M
202083680009,M
202083680010,F
202083680011,F
202083680012,M
202083680013,F
202083680014,F
202083680015,M
202083680016,F
202083680017,M
202083680018,F
202083680019,F
202083680020,M
202083680021,F
202083680022,M
202083680023,F
202083680024,M
202083680025,F
202083680026,M
202083680027,F
202083680028,M
202083680029,F
202083680030,F
202083680031,M
202083680032,M
202083680033,F
202083680034,F
202083680035,F
202083680036,M
202083680037,F
202083680038,F
202083690001,F
202083690002,F
202083690003,F
202083690004,F
202083690005,M
202083690006,F
202083690007,M
202083690008,F
202083690009,F
202083690010,F
202083690011,F
202083690012,F
202083690013,M
202083690014,M
202083690015,F
202083690016,F
202083690017,F
202083690018,M
202083690019,F
202083690020,M
202083690021,F
202083690022,F
202083690023,F
202083690024,F
202083690025,F
202083690026,M
202083690027,F
202083690028,F
202083690029,M
202083690030,F
202083690031,F
202083690032,F
202083690033,M
202083690034,F
202083690035,M
202083690036,F
202083690037,F
202083690038,M
202083690039,F
202083690040,F
202083690041,F
202083690042,M
202083690043,M
202083690044,F
202083690045,F
202083690046,F
202083690047,F
202083690048,F
202083690049,F
202083690050,F
202083690051,F
202083690052,F
202083690053,F
202083690054,F
202083690055,F
202083690056,M
202083690057,F
202083690058,F
202083690059,M
202083690060,F
202083690061,M
202083690062,M
202083690063,F
202083690064,F
202083690065,M
202083690066,M
202083690067,F
202083690068,F
202083690069,F
202083690070,M
202083690071,M
202083690072,F
202083690073,F
202083690074,M
202083690075,F
202083690076,F
202083690077,F
202083700001,M
202083700002,M
202083700003,M
202083700004,F
202083700005,F
202083700006,M
202083700007,M
202083700008,M
202083700009,F
202083700010,M
202083700011,F
202083700012,F
202083700013,F
202083700014,F
202083700015,M
202083700016,F
202083700017,F
202083700018,M
202083700019,F
202083700020,M
202083700021,F
202083700022,F
202083700023,M
202083700024,F
202083700025,M
202083700026,M
202083700027,M
202083700028,F
202083700029,M
202083700030,F
202083700031,M
202083700032,F
202083700033,M
202083700034,M
202083700035,M
202083700036,M
202083700037,M
202083700038,M
202083700039,M
202083700040,F
202083710001,M
202083710002,M
202083710003,M
202083710004,M
202083710005,M
202083710006,F
202083710007,M
202083710008,M
202083710009,F
202083710010,M
202083710011,F
202083710012,F
202083710013,M
202083710014,M
202083710015,F
202083710016,M
202083710017,F
202083710018,M
202083710019,M
202083710020,F
202083710021,M
202083710022,M
202083710023,M
202083710024,F
202083710025,M
202083710026,F
202083710027,M
202083710028,M
202083710029,M
202083710030,F
202083710031,F
202083710032,M
202083710033,M
202083710034,M
202083710035,F
202083710036,F
202083710037,F
202083710038,M
202083710039,F
202083710040,F
202083720001,F
202083720002,M
202083720003,F
202083720004,M
202083720005,M
202083720006,F
202083720007,F
202083720008,F
202083720009,F
202083720010,M
202083720011,M
202083720012,M
202083720013,F
202083720014,M
202083720015,M
202083720016,M
202083720017,M
202083720018,M
202083720019,F
202083720020,F
202083720021,F
202083720022,M
202083720023,M
202083720024,F
202083720025,M
202083720026,M
202083720027,M
202083720028,M
202083720029,M
202083720030,M