0.642282,0.248029,359.064479,1.227068,-0.03162,-0.001883,-0.056088,0.089607,-1.499095,0
0.638156,0.299551,800.746586,1.302503,-0.032668,-0.00321,-0.078732,0.139798,-3.300673,0
0.664086,0.336699,541.752926,1.399792,0.006573,0.002525,-0.049986,0.249151,0.044693,0
0.596891,0.252898,468.01112,1.358161,-0.02216,-0.002944,-0.131567,0.154107,-9.126381,0
0.648448,0.273498,202.150705,1.274427,-0.055749,-0.009789,0.078355,-0.218032,-2.731997,0
0.630817,0.28048,547.96861,1.2711,-0.087824,-0.015557,0.048851,-0.160229,-1.299114,0
0.589065,0.242666,155.016414,1.280942,-0.095118,-0.01613,0.000082,-0.109324,-0.845576,0
0.62615,0.33039,448.922441,1.394163,-0.177854,-0.034864,0.21634,0.057444,-8.174193,0
0.728277,0.516286,84.885463,0.973361,0.000782,-0.048966,-0.065065,-0.102372,-0.057082,0
0.687866,0.466854,91.765931,0.932129,0.007151,-0.050434,-0.10049,-0.131939,0.035012,0
0.657404,0.421806,76.547876,0.889057,-0.018746,-0.068023,-0.15698,-0.164457,-0.253015,0
0.566967,0.368052,439.31984,0.968059,-0.184532,-0.10545,-0.19951,-0.076923,-45.219355,0
0.60317,0.395986,54.60267,1.016568,-0.16133,-0.087473,0.02407,0.107431,0.488829,0
0.599613,0.36386,65.865897,1.038268,-0.166842,-0.087726,0.025728,0.05346,0.35029,0
0.638021,0.43517,63.247268,1.096748,-0.169209,-0.083179,0.07192,0.102408,0.278897,0
0.570846,0.425186,143.477517,1.125744,-0.168402,-0.089555,-0.02083,0.02326,0.234868,0
3.845559,2.449144,200.714463,0.569106,0.226957,0.383764,-0.071709,-0.623377,-0.922521,0
4.891492,2.801939,281.913166,0.451307,0.147756,0.298214,-0.144917,-0.591485,-0.88443,0
5.152067,2.767272,114.239144,0.259627,0.028709,0.044124,-0.158755,-0.673413,-0.957803,0
3.694343,1.758352,195.580236,0.290087,-0.021096,0.01103,-0.153668,-0.585607,-1.078431,0
4.511046,1.802588,109.209899,0.255345,-0.025832,-0.054165,-0.041442,-0.589357,-0.957811,0
4.404699,1.602281,148.501778,0.229951,-0.064435,-0.192137,-0.066756,-0.529592,-2.549605,0
4.016527,1.336428,192.519832,0.227661,-0.077546,-0.212024,-0.074264,-0.438434,-5.096237,0
3.070354,1.178084,157.116614,0.181356,-0.059734,-0.380984,-0.032319,-0.432567,-1.671892,0
0.451449,0.124976,4.624048,0.362019,0.046765,-0.030233,-0.036928,-0.442488,0.290612,0
0.446717,0.121039,3.899041,0.333787,0.037442,-0.03681,-0.037887,-0.452845,-0.031901,0
0.448038,0.123907,3.245622,0.305747,-0.037857,-0.081821,-0.031832,-0.437012,-0.555318,0
0.45147,0.083918,4.61141,0.197321,-0.426096,-0.473037,-0.211268,-0.594067,-10.591645,0
0.448474,0.111073,3.809253,0.208809,-0.501106,-0.508188,-0.002532,0.13836,-2.082585,0
0.425065,0.090194,4.318905,0.222405,-0.62001,-0.529848,-0.022816,0.195198,-0.652025,0
0.419932,0.089444,4.202859,0.227969,-1.731239,-0.497087,-0.03477,0.165046,-2.241545,0
0.704809,0.152563,6.467715,0.312704,-4.690294,-0.644067,-0.390895,0.124421,-1.689058,0
0.912775,0.747099,22.516025,0.333054,0.007052,0.013381,0.077241,-0.176257,-0.904194,0
0.861579,0.705647,22.172671,0.358496,-0.012349,-0.004478,0.006605,0.110532,-0.913196,0
0.788889,0.670132,24.57719,0.379824,-0.011347,-0.00363,-0.003884,0.138328,-1.181197,0
0.578363,0.45214,30.373153,0.3066,-0.140306,-0.108413,0.053412,-0.02318,-6.10947,0
0.635762,0.505039,25.776001,0.29614,-0.18495,-0.140067,0.016191,-0.034061,-18.580163,0
0.502344,0.380045,19.59569,0.293,-0.25214,-0.195657,-0.040601,-0.101955,-24.05255,0
0.508219,0.362179,23.970277,0.27651,-0.314138,-0.255375,-0.030771,-0.122275,-22.822108,0
0.340753,0.196456,43.1778,0.30271,-0.692357,-0.350648,-0.083851,-0.016646,-2.320908,0
0.739604,0.27519,23.036512,0.287618,0.05015,0.133833,0.055484,-0.200876,-0.33083,0
0.75942,0.278949,94.017177,0.25952,0.014493,0.08719,0.080088,-0.274448,-1.086437,0
0.781153,0.289679,56.816263,0.231152,-0.155139,0.022223,0.132612,-0.285296,-3.644982,0
0.759468,0.229025,65.373454,0.235477,-0.170826,0.012461,0.045933,-0.194444,-3.914356,0
0.789872,0.253876,48.848897,0.208741,-0.200742,-0.040945,0.075494,-0.251372,-2.941074,0
0.794773,0.269218,64.459265,0.199685,-0.19908,-0.050425,0.074267,-0.230451,-7.321873,0
0.742696,0.214744,34.82401,0.188577,-0.078839,-0.070907,0.059985,-0.212639,0.643268,0
0.696077,0.193758,66.918635,0.118785,-0.286248,-0.579021,0.05838,-0.469174,-0.340663,0
1.29785,1.193301,22.272191,0.5897,-0.027544,-0.015951,0.02579,-0.33314,-2.497139,0
1.254125,1.161318,20.933126,0.505431,-0.197258,-0.181802,-0.047406,-0.380006,-3.905787,0
1.297373,1.206359,12.827333,0.469408,-0.316397,-0.318819,-0.09978,-0.38192,-3.768391,0
1.107213,1.010772,16.186978,0.414214,-0.617689,-0.535884,-0.234162,-0.411918,-7.999554,0
1.260535,1.133053,9.294175,0.40169,-0.626253,-0.421848,0.083948,0.06142,1.396058,0
1.643739,1.463224,10.036942,0.414079,-0.5403,-0.280551,0.028578,-0.027776,1.003869,0
1.579101,1.404188,8.201777,0.399818,-0.482005,-0.310522,-0.02862,-0.12698,0.734986,0
0.978292,0.851322,10.633011,0.454396,-2.623822,-1.095049,-0.372221,-0.225553,-0.254123,0
2.672887,2.038169,9.62803,1.122196,-0.018922,-0.010445,-0.066938,-0.600928,-2.250572,0
3.332621,2.559789,6.840846,0.924419,-0.026105,-0.019265,-0.091865,-0.566198,-138.106874,0
2.787833,2.11362,5.891783,0.74238,-0.043116,-0.042751,-0.058278,-0.549562,-60.396171,0
2.551356,1.945535,7.156837,0.718259,-0.054529,-0.058495,-0.077478,-0.486978,-83.873373,0
1.788327,1.250982,7.399335,0.744102,-0.051764,-0.05026,0.163938,0.419533,0.107195,0
1.656614,1.134068,6.431599,0.785502,-0.061707,-0.053927,0.195985,0.316903,-0.254943,0
1.526138,1.025269,6.005861,0.82857,-0.095256,-0.077056,0.180933,0.306998,-0.847957,0
1.361374,1.084725,5.18786,0.887784,-0.229765,-0.175371,0.152844,0.276862,-2.77216,0
0.511809,0.460134,3.35676,0.242674,0.065331,-0.140351,0.030772,0.437567,0.311276,0
0.473352,0.411202,3.834673,0.219759,0.006048,-0.148692,0.016366,0.135904,-0.228226,0
0.467551,0.393659,1.84627,0.162299,-0.02485,-0.143691,0.00106,-0.044724,-0.357034,0
0.437071,0.411568,2.67817,0.159594,-0.236112,-0.286949,-0.023071,-0.187955,-8.202018,0
0.451992,0.41787,87613.78397,0.272374,-0.276656,-0.319556,0.016465,-0.218687,-0.240535,0
0.391702,0.352413,46601.96922,0.232636,-0.289844,-0.328292,0.024527,-0.289727,-0.070842,0
0.328328,0.288495,36933.03491,0.226221,-0.420019,-0.399628,-0.050965,-0.205249,-0.372087,0
0.31711,0.305457,50503.02185,0.217249,-2.490974,-0.883477,-0.115722,-0.307437,-3.143642,0
4.291381,3.97693,2.90442,0.380937,0.015054,0.060307,-0.008921,-0.370609,1.24085,0
6.160248,5.641088,2.74591,0.374616,0.014841,0.063166,-0.037657,-0.348441,2.132383,0
6.127803,5.543802,2.780539,0.421621,0.008574,0.044286,-0.037882,-0.332686,-0.658597,0
4.674357,4.031997,2.27924,0.359174,0.005348,0.026183,-0.010112,-0.311682,-0.557145,0
8.555541,7.955513,2.488831,0.384164,0.001958,-0.013317,-0.011112,0.245366,-0.644079,0
8.16425,7.357378,2.694292,0.452164,0.002121,-0.010241,-0.006105,0.175519,-0.81655,0
6.997401,5.984958,2.359658,0.408614,0.000045,-0.019745,0.006285,0.020117,-2.900543,0
6.796809,5.93043,2.147647,0.341495,-0.02782,-0.184179,-0.014287,0.023683,-6.146158,0
0.818364,0.688344,6.278407,0.655807,-0.039613,-0.133854,-0.008257,-0.190873,-1.261232,0
0.599259,0.493032,5.534967,0.621726,-0.072652,-0.160888,-0.072644,-0.189266,-1.283737,0
0.573207,0.509194,4.563486,0.583356,-0.041134,-0.116472,-0.110661,0.003567,-0.3352,0
0.580503,0.525672,4.082492,0.602236,-0.098128,-0.072933,0.034428,-0.041708,-5.528503,0
0.615622,0.544315,4.495251,0.60915,-0.057241,-0.044289,0.033529,0.461662,0.678479,0
0.61919,0.568512,4.49124,0.590879,0.009882,0.006696,0.080514,0.613138,1.049573,0
1.035597,0.95504,3.097602,0.527171,-0.001955,-0.008299,0.295395,0.319893,0.94583,0
0.846216,0.752563,2.085015,0.437997,-0.249653,-0.203092,0.155365,0.041979,-2.248417,0
1.070979,0.763898,3.505315,0.704825,0.026324,-0.000911,-0.014964,-0.309018,1.319092,0
1.05742,0.70145,3.223814,0.763692,-0.012057,-0.02744,-0.034515,-0.24883,-7.015953,0
1.036636,0.714663,2.952499,0.785344,-0.052509,-0.047,0.000614,-0.226705,-4.164437,0
1.164604,0.875478,3.894485,0.864585,-0.118845,-0.087975,0.033871,-0.135858,-15.32855,0
1.171531,0.856559,3.649112,0.915198,-0.147984,-0.10319,-0.056145,-0.10318,-5.922744,0
1.140405,0.839701,2.904058,0.856017,-0.199579,-0.138603,-0.027074,-0.10187,-3.907104,0
1.174434,0.884631,2.730014,0.855039,-0.228034,-0.167496,-0.032158,-0.200359,-1.848007,0
1.61727,1.452693,2.596226,0.783372,-0.355318,-0.25734,0.025318,-0.251243,-1.388336,0
5.9194,5.497045,2.5167,0.840929,-0.011092,-0.19568,0.006515,-0.525638,-26.28426,0
6.659561,6.318369,2.726707,0.945868,-0.029172,-0.345969,-0.018454,-0.616144,-4.477378,0
6.787052,6.537024,2.8542,1.020786,-0.056648,-0.747504,0.076307,-0.682963,-4.821562,0
1.452274,1.33611,2.639747,1.101708,-0.169104,-1.654621,-0.058867,-0.707293,-62.187579,0
0.883525,0.791783,8.207989,2.822757,-0.162587,-2.146064,0.082308,-0.916438,0.607942,0
0.751364,0.587544,69.230958,0.388383,-0.158908,-3.50973,0.067326,-0.833537,0.379626,0
0.709545,0.553426,80.477476,0.38415,-0.140967,-5.200175,0.012993,-0.80814,0.598514,0
0.783013,0.630206,69.404224,0.39082,-0.070123,-2.283024,0.005354,-0.747667,0.624285,0
0.763048,0.549353,96.501765,0.365568,-0.147342,-0.023004,-0.028324,0.020907,-1.117903,0
0.733714,0.490078,82.511469,0.540116,-0.383832,-0.028523,-0.052681,0.067186,-0.292152,0
0.748756,0.529724,28.60679,0.384439,-29.143624,-0.023844,-0.142939,1.68419,-4.700741,0
0.297762,0.192237,13.672827,0.422735,-0.030429,-0.003643,0.034643,-0.012956,0.082585,0
0.266902,0.157057,8.23717,0.329053,-0.051192,-0.017936,0.011234,-0.005924,-1.167722,0
0.215956,0.096852,6.074164,0.329049,-0.060567,-0.021694,-0.014952,-0.017598,-2.009526,0
0.144188,0.098303,6.21791,0.343784,-0.999109,-0.431593,-0.168506,0.008654,-18.1377,0
0.174597,0.130292,3.339637,0.133045,-1.005906,-0.40017,0.028826,0.085984,0.569463,0
0.16552,0.120733,115.355336,2.191839,-1.013693,-0.39914,0.03084,0.07449,0.443338,0
0.862921,0.812688,123.58622,3.500407,-0.451025,-0.388983,0.585126,0.075836,0.511928,0
1.117276,1.060373,43.934348,0.94365,-2.815781,-1.06581,-0.124457,0.052715,-1.80381,0
1.01322,0.997939,15.241092,0.622572,0.423881,0.095582,0.08933,,1.605531,0
1.001591,0.975917,384.473108,0.768048,0.270597,0.066619,0.079562,10.16485,-0.324045,0
0.989003,0.974401,459.421453,0.886535,0.134267,0.052235,0.071068,0.386809,-1.949115,0
1.001853,0.991776,287.864604,0.656961,0.10136,-0.018416,0.024864,0.325717,-0.515024,0
1.001759,0.988787,235.054737,0.74984,0.062041,-0.041243,0.054022,-0.61354,-1.074878,0
1.003036,0.942566,98.83655,0.606117,0.080768,-0.035541,0.048178,-0.345752,-0.897836,0
0.990835,0.942392,108.127884,0.557377,0.085968,-0.039849,0.026333,-0.232919,-0.490322,0
0.714801,0.583667,104.589006,0.447994,0.191604,0.025869,0.143953,818.274175,27.359177,0
0.681381,0.524869,33.898016,0.465602,0.2175,0.022811,0.08431,891.45107,7.503387,0
0.671109,0.524526,19.025131,0.50106,0.23759,0.01988,0.111978,949.377386,6.812082,0
0.606717,0.478576,8.97132,0.377917,0.004966,0.001875,0.134564,0.156754,-0.93112,0
0.62532,0.499336,7.144457,0.207059,-0.053735,-0.018307,0.048871,-0.11667,-2.529966,0
0.646966,0.538373,2.856959,0.091221,-0.11704,-0.046189,0.17851,-0.420453,-3.769027,0
0.663393,0.588255,2.490517,0.100706,-0.12123,-0.051318,0.221777,-0.315934,-2.983829,0
0.575024,0.503355,2.280021,0.133305,-0.002476,-0.005499,0.242668,-0.205717,-1.491577,0
0.837038,0.668334,5.889801,0.199284,0.190015,-0.03607,0.001609,0.579593,-2.940126,0
0.791855,0.623209,6.130069,2.269091,0.24309,-0.047113,-0.020136,0.556638,1.184457,0
0.65528,0.460991,3.994625,1.619431,0.050756,-0.063135,-0.017893,0.378427,-0.484598,0
0.924322,0.744539,2.242573,1.070239,-0.132498,-0.108454,0.043993,0.307111,-2.888902,0
0.849541,0.648958,3.585561,1.277407,-0.143213,-0.126339,0.033182,-0.260546,-4.098465,0
0.562164,0.439118,4.441502,1.335114,-0.215179,-0.155448,0.04782,-0.260876,-57.791992,0
0.409467,0.301988,6.200689,1.846048,-0.234078,-0.156635,-0.030885,-0.154152,-1.534118,0
0.492436,0.43654,2.608957,1.074527,-0.309353,-0.182473,0.127616,-0.272594,-1.019067,0
2.092448,0.95083,1.507169,0.520321,0.141712,0.276699,0.20871,-0.495173,-0.361938,0
4.057081,1.989755,7.68664,0.746347,0.131907,0.262014,-0.104447,-0.530335,-0.412109,0
3.977867,1.79181,8.161962,0.795023,0.029959,0.059341,-0.152668,-0.604738,-0.888317,0
2.882106,1.07838,7.806529,0.6759,-0.102852,-0.316005,-0.230967,-0.703123,-1.530768,0
3.349559,1.061163,5.374314,0.520356,-0.214097,-1.5954,-0.039521,-0.770302,-1.740523,0
3.286244,0.88863,4.019985,0.485961,-0.255318,-2.041587,-0.068886,-0.655134,-1.900759,0
3.375523,0.863352,4.675632,0.481887,-0.215255,-1.249652,-0.088296,-0.430893,-4.922216,0
2.395149,0.494815,5.170964,0.45347,-0.288008,-0.842627,-0.213149,-0.24885,-1.237877,0
1.340406,0.372058,69.492178,0.293192,0.207112,0.200161,0.103201,0.353182,0.169105,1
1.315401,0.324817,78.776193,0.298393,0.208525,0.19428,0.141077,0.347211,0.176478,1
1.337643,0.311379,86.466714,0.297692,0.204733,0.189618,0.21736,0.374762,0.216553,1
1.343926,0.337203,54.543668,0.315659,0.195093,0.179158,0.265056,0.313263,0.168233,1
1.341034,0.343339,55.182152,0.286778,0.194729,0.182437,0.033208,-0.321623,-0.084409,1
1.373589,0.357208,68.201946,0.289054,0.19046,0.177882,0.047097,-0.010351,0.029346,1
1.339219,0.352955,85.239965,0.27549,0.18375,0.176469,0.085076,-0.004348,0.017099,1
1.344714,0.42551,58.872624,0.296448,0.174285,0.170638,0.060941,0.081002,0.054104,1
3.931838,2.476239,17.983143,0.532428,0.065582,0.163371,-0.054203,0.27292,1.445313,1
3.016418,1.832936,19.324651,0.518496,0.072753,0.169802,0.027673,0.216914,2.007051,1
2.59844,1.595615,20.767401,0.522631,0.079505,0.179395,0.122837,0.17273,1.129646,1
2.32833,1.234781,12.243145,0.334591,0.039627,0.157833,0.255236,-0.252444,-0.25818,1
2.249494,0.912825,14.383746,0.306408,-0.003006,0.071459,0.045319,-0.348772,-2.193545,1
1.883934,0.762775,17.742147,0.273879,-0.021493,0.030758,0.139632,-0.222408,-2.140269,1
1.845278,0.757223,24.596301,0.271784,-0.039063,-0.013703,0.168846,-0.091666,-1.535826,1
1.759327,0.466113,24.79198,0.277753,0.103513,0.047207,0.396984,0.107499,1.695444,1
1.780819,0.533168,326.799862,0.320225,0.182789,0.276417,0.061572,-0.339403,-0.262377,1
2.005834,0.702046,337.180782,0.290976,0.180897,0.297251,0.114511,-0.226718,0.005543,1
2.102241,0.477651,335.931307,0.268758,0.181374,0.312265,0.158696,-0.203838,0.036039,1
2.501621,0.711744,299.064343,0.477522,0.18046,0.200358,0.066863,0.498858,0.108716,1
2.380588,0.678814,259.109355,0.456072,0.170321,0.190028,0.016133,-0.129916,-0.5148,1
2.189369,0.617958,238.608653,0.367066,0.122838,0.157745,0.093466,-0.580112,-0.82058,1
1.949835,0.525264,226.410175,0.325804,0.146444,0.206141,0.147867,-0.59746,-0.339045,1
1.752962,0.492266,138.92511,0.214418,0.121993,0.28826,0.167321,-0.494946,-0.265835,1
2.697033,2.543993,77.485633,1.176903,0.139368,0.135633,-0.013117,36.0834,138.207535,1
3.011759,2.854592,108.55223,1.38503,0.158715,0.130976,-0.005899,38.281998,197.772009,1
3.075509,2.9294,110.252372,1.589428,0.177486,0.128021,0.009939,39.699134,196.598311,1
3.312003,3.15841,36.950934,0.490865,0.041213,0.099452,0.020847,-0.081551,-0.418387,1
3.738522,3.589218,38.782954,0.491659,0.042421,0.100343,0.001122,-0.018177,0.215902,1
2.946123,2.803104,41.251172,0.483888,0.037106,0.094856,0.008775,-0.026103,-0.181295,1
2.850363,2.730969,38.015951,0.481414,0.027417,0.07762,0.025057,-0.002692,-0.425887,1
3.130228,3.014315,58.856086,0.472349,0.013368,0.059544,0.075647,0.008977,-0.658739,1
1.356078,0.582992,6.783038,0.339268,0.069543,0.090302,-0.003432,0.332898,0.054316,1
1.374348,0.576261,10.277956,0.002672,0.06303,0.087186,0.009503,-0.052693,-0.130073,1
1.369742,0.616606,58.15444,0.002632,0.12079,0.165528,0.052544,-0.022848,1.461704,1
1.301668,0.517528,60.319467,0.002992,0.091145,0.113924,0.033442,0.032409,0.445329,1
1.467184,0.632622,5.406736,0.294423,0.097682,0.127951,0.05064,-0.203231,0.494184,1
1.850276,0.759902,4.970714,0.286547,0.125397,0.16209,0.011112,-0.0864,1.431042,1
1.878588,0.732283,5.490979,0.304297,0.073424,0.095728,0.012104,-0.068241,-0.129702,1
1.649756,0.651745,2.58872,0.814868,0.089865,0.126844,0.081818,0.037654,0.063936,1
1.240965,0.670209,2.811049,0.428244,-0.002658,-0.004484,-0.023664,-0.135922,-0.952294,1
2.451303,1.641147,3.253348,0.491559,0.033014,0.029237,1.024493,2.073722,1.894993,1
2.409909,1.590329,2.8024,0.571778,0.045904,0.042869,1.039839,1.982539,1.37992,1
2.623312,1.847458,5.652718,0.755906,0.010094,0.032609,0.924069,0.925853,0.060493,1
4.271762,3.096773,3.224493,0.352201,0.015202,0.035403,-0.232243,1.616973,0.20016,1
4.174793,2.959198,1.90726,0.251418,-0.011772,0.015041,-0.226529,-0.229704,-2.730237,1
4.381654,3.105769,33.780331,0.728082,-0.022037,-0.010929,-0.243749,-0.380726,-4.80874,1
3.522901,2.828076,30.217613,0.697033,-0.124362,-0.223654,-0.217526,-0.364488,-20.764653,1
1.68162,0.448056,27.346063,0.585256,0.421092,0.302848,-0.093947,6.143875,42.284651,1
1.775476,0.597697,75.678915,0.413915,0.408709,0.316225,-0.057633,1.164303,2.596346,1
1.769391,0.579722,17.323566,0.253352,0.351909,0.313779,-0.055452,0.422964,1.039917,1
1.733302,0.575013,13.772604,0.209774,0.181905,0.261598,-0.019605,-0.130055,-0.197378,1
1.807865,0.527049,16.391588,0.243235,0.051637,0.158234,-0.027026,-0.77812,-0.882699,1
1.907986,0.43844,51.993009,0.327066,0.032737,0.140495,-0.07356,-0.628119,-0.683048,1
1.93205,0.605469,19.655072,0.471809,0.13951,0.393618,0.039751,-0.451618,-0.093009,1
2.13654,0.581171,17.105052,0.478973,0.215275,0.45311,0.002591,-0.216632,0.387774,1
0.447352,0.334543,20.813301,0.47769,0.047639,0.055554,0.029833,-0.04351,-0.097376,1
0.350277,0.268886,37.42958,0.525846,0.067263,0.07809,0.068243,0.05731,0.400746,1
0.56563,0.482734,28.977387,0.516481,0.082865,0.096031,0.115806,0.067746,0.521646,1
0.592974,0.496306,19.664068,0.462589,0.206931,0.234879,0.051832,0.105719,3.38395,1
0.432889,0.317193,20.008646,0.064935,0.234992,0.261861,-0.018695,-0.077548,0.498667,1
0.435711,0.325399,15.989968,0.060848,0.207881,0.244695,0.012515,-0.088947,0.070646,1
0.265377,0.197189,12.06408,0.052043,0.100983,0.115061,0.01363,-0.089127,-0.473207,1
1.698858,0.429104,3.938176,0.01428,0.056116,0.089424,0.042837,2.22448,1.63128,1
1.781385,0.349143,16.002922,0.057416,0.062813,0.097698,-0.031671,2.071665,0.590658,1
2.49302,0.412499,13.088122,0.055911,0.070301,0.100373,-0.061632,2.111987,0.60285,1
2.591236,0.367197,13.706931,0.060293,0.054295,0.084491,-0.063245,0.338565,0.061274,1
2.638361,0.332967,36.966741,0.129899,0.096126,0.142294,0.015804,-0.396149,46.56021,1
3.303968,0.663539,18.047049,1.434234,0.103942,0.158318,0.125249,-0.230929,9.412553,1
3.789923,0.792946,19.397293,1.735898,0.091273,0.134528,0.172294,-0.280127,3.939635,1
2.638389,0.371101,13.435369,1.590393,0.090538,0.165247,0.181759,-0.092446,0.783219,1
1.1436,0.823753,15.171824,1.544594,0.010823,-0.004993,-0.040245,0.382891,0.052851,1
1.118415,0.783279,15.930853,1.514659,0.016606,-0.003356,-0.08665,0.338472,2.193262,1
1.105763,0.793389,14.85387,1.574866,0.016454,-0.003831,-0.027293,0.182963,1.562038,1
1.107122,0.78991,11.839011,1.410791,0.014036,-0.003474,-0.049486,0.091007,0.317029,1
1.124732,0.851239,11.843134,1.352615,0.013832,-0.003607,0.019265,-0.157413,-0.066384,1
1.149991,0.832285,29.96739,0.219485,0.016416,-0.003128,-0.037134,-0.108593,0.291362,1
1.201314,0.867334,26.330956,0.228881,0.016194,-0.004666,0.020169,-0.074199,0.235406,1
1.137214,0.79222,47.147584,0.231837,0.014112,-0.007703,0.065755,-0.029153,0.011376,1
1.215619,1.053189,2.202728,0.023566,0.545698,-0.031723,-0.66016,-0.217774,-0.99633,1
2.760568,2.055391,4.552418,0.043576,0.083965,0.223655,0.067184,0.633753,1.494723,1
1.943288,1.297682,16.157874,0.050675,-0.019978,-0.053642,0.090991,1.014821,-1.050367,1
2.762195,1.734091,17.430603,0.056179,0.043968,0.086282,0.041284,0.897313,-0.349275,1
2.318222,1.329974,2.919029,0.059188,0.044814,0.09584,0.092923,0.410336,-0.389524,1
2.19802,1.155551,3.993674,0.1291,0.037074,0.086433,-0.024347,-0.413921,-4.729249,1
1.822825,1.014409,1.181154,0.111225,0.026396,0.072288,0.049159,-0.485295,-4.487885,1
3.805785,2.553267,1.085504,0.100326,-0.046741,-0.179689,-0.042094,-0.4594,-1.636351,1
3.706575,2.811804,1.093701,0.101044,0.014089,0.031018,0.024654,-0.160151,-0.687572,1
1.566362,1.291851,0.919541,0.079592,-0.002377,-0.000059,0.042445,-0.281959,-0.826966,1
1.532907,1.269682,1.630836,0.079293,-0.004302,0.001144,0.073458,-0.210641,-0.693759,1
1.590271,1.27833,1.715769,0.055952,-0.007946,-0.001376,0.035493,-0.174,-0.871562,1
1.507312,1.346309,1.953816,0.064386,-0.023535,-0.012149,0.072917,-0.134095,-3.010366,1
1.407736,1.190833,2.832214,0.078805,-0.023915,-0.011862,0.054973,0.053685,-0.150626,1
2.912896,2.785219,7.435813,0.827946,-0.025228,-0.014092,0.623905,0.211041,-0.260187,1
3.292879,3.130144,7.333119,0.791376,-0.022802,-0.011832,0.540765,0.267889,0.225983,1
3.026379,2.921102,7.165868,0.719499,0.027702,0.006831,0.589859,0.108514,2.179553,1
1.222546,1.129788,7.936431,0.69429,0.001342,0.003109,0.083092,-0.083586,-0.094419,1
1.194256,1.112979,7.532353,0.655508,0.004167,0.004459,0.155451,-0.117971,0.230368,1
1.272806,1.193204,8.578122,0.644688,0.022117,0.012163,0.277422,-0.106554,3.568695,1
1.255568,1.194978,9.088557,0.629873,0.034851,0.016252,0.348204,-0.082928,17.796938,1
1.231602,1.168652,10.022532,0.634624,0.003797,0.005788,0.020407,0.115332,-5.381128,1
1.218512,1.143743,9.608625,0.056425,0.022151,0.010993,0.053374,0.035072,-1.236159,1
1.237074,1.156119,6.446408,0.040944,0.038709,0.015997,0.074584,0.085243,0.195541,1
1.238318,1.163927,7.745948,0.044765,0.032047,0.015796,0.052735,0.093396,0.010585,1
0.40874,0.395228,8.622915,0.044122,0.14245,0.417512,0.042113,0.030996,0.116032,1
0.453368,0.443058,10.444761,0.047258,0.158725,0.447718,0.092836,0.013033,0.2651,1
0.42686,0.415027,9.931409,0.052259,0.151316,0.454173,0.083104,-0.029879,0.15421,1
0.662109,0.647962,16.822665,0.059244,0.139775,0.426378,0.083378,-0.001722,0.043377,1
0.759213,0.744061,15.01545,0.059086,0.127276,0.404769,0.012334,-0.019903,-0.229293,1
0.719536,0.705763,2.02157,0.369195,0.117887,0.37155,0.016865,0.012419,-0.236543,1
0.841777,0.824929,2.150111,0.420586,0.109336,0.356142,-0.001462,0.01594,-0.194913,1
0.779228,0.759532,2.297647,0.456886,0.110331,0.372275,-0.055905,0.013472,-0.175398,1
1.340452,0.998657,2.291391,0.497897,0.006557,-0.016703,-0.078733,0.157029,-0.290214,1
1.351608,1.017241,2.490997,0.535795,0.057607,0.00832,-0.047962,0.199747,1.556368,1
1.329396,0.980995,2.313402,0.556204,0.062116,0.008194,-0.020186,0.170908,1.748787,1
1.278828,0.868017,2.301901,0.574627,0.02875,0.0203,0.103252,0.218224,1.304093,1
1.288031,0.868194,2.21014,0.558208,0.045466,0.025317,-0.016533,0.192638,0.532074,1
0.37072,0.250091,0.511815,0.043881,0.024312,0.038508,0.058145,0.029742,0.745217,1
0.556136,0.367072,0.616971,0.049228,-0.060134,-0.015334,0.139616,-0.068191,-0.824173,1
0.416515,0.285688,0.658465,0.055659,0.042193,0.019764,0.148316,-0.044669,1.838395,1
1.762179,0.493865,0.399293,0.037206,0.079815,0.042132,0.020029,0.022612,-0.008082,1
1.849211,0.441062,0.401009,0.035853,0.082231,0.042971,-0.007006,0.016578,0.062208,1
1.799383,0.498916,0.409036,0.034524,0.085663,0.044597,0.068066,0.029093,0.107837,1
1.851612,0.383115,0.705843,0.030801,0.087101,0.047569,0.069719,0.026301,0.125066,1
1.884722,0.469456,0.862267,0.038952,0.091007,0.049517,0.033021,0.08942,0.270695,1
1.876274,0.470166,27.570863,0.26613,0.09621,0.051979,0.036768,0.089012,0.27698,1
1.913256,0.460113,13.638659,0.284617,0.097323,0.051779,0.047031,0.069897,0.216466,1
1.830846,0.387516,11.385361,0.261394,0.092025,0.048486,0.027841,0.056274,0.122791,1
1.035049,0.89922,8.392118,0.238005,0.063691,0.082279,0.009128,-0.173307,-0.075065,1
0.823985,0.717366,14.617193,0.241544,0.070705,0.083448,-0.015093,-0.167146,0.144858,1
0.877532,0.757006,9.747173,0.232372,0.073168,0.114069,0.015391,-0.078453,0.163929,1
0.854566,0.759179,10.77368,0.223642,0.09545,0.127654,0.031963,-0.037237,0.528085,1
0.875563,0.771689,9.631672,0.221302,0.104204,0.146227,0.0329,0.137132,0.711629,1
0.87551,0.77817,5.767087,0.753081,0.11799,0.168901,0.091174,0.147872,0.581894,1
0.868268,0.776354,5.770044,0.725602,0.121484,0.168354,0.104423,0.028004,0.478175,1
0.868368,0.780677,5.469856,0.755346,0.119207,0.180081,0.151164,0.012571,0.345192,1
1.120344,0.89791,6.359036,0.724322,0.287665,0.03207,0.040878,0.138988,0.197564,1
1.122996,0.900837,6.769944,0.617227,0.276055,0.030104,0.088755,0.150906,0.101104,1
1.120782,0.889507,5.964687,0.627153,0.269307,0.029907,0.138871,0.161511,0.11733,1
1.11488,0.899192,5.233387,0.619342,0.257103,0.030426,0.189553,0.176979,0.104485,1
1.40566,1.160547,5.905336,0.611292,0.174534,0.030961,0.109663,0.136522,0.16939,1
1.415785,1.129774,12.773079,0.034234,0.189228,0.032322,0.129519,0.146168,0.335277,1
1.408235,1.123783,18.744325,0.031891,0.188719,0.032243,0.172639,0.141503,0.272745,1
1.429823,1.127741,19.752864,0.028001,0.186901,0.032624,0.160161,0.12995,0.253869,1
1.911578,0.440206,148.058698,0.390727,0.060203,0.119787,0.096245,-0.295036,-0.839222,1
1.826032,0.409709,172.720937,0.421414,0.053887,0.111082,0.135312,-0.283162,-0.674175,1
1.756612,0.245217,288.428178,0.45184,0.040154,0.091267,0.237686,-0.328617,-0.737912,1
2.162242,0.36907,357.064259,0.472184,0.140845,0.140461,0.135297,1.054541,1.136709,1
1.983768,0.36485,29.003053,0.182901,0.151039,0.142993,0.044265,0.845006,5.198164,1
1.46814,1.184731,4.532484,0.372723,0.145315,0.116959,0.015429,0.126766,0.07531,1
1.479027,1.223693,76.732662,0.092231,0.150675,0.123547,0.023776,0.034508,0.145656,1
1.497903,1.245466,118.679416,0.093771,0.151383,0.130039,0.022778,0.002319,0.14332,1
1.693147,1.384691,36.61919,0.07999,0.149257,0.131583,0.02261,-0.04166,0.138953,1
1.634095,0.403048,12.031696,0.070081,0.087923,0.118638,0.022816,0.150298,-0.26047,1
1.474739,0.364981,222.479046,0.08976,0.103897,0.115204,0.016884,1.391205,0.648033,1
1.460237,0.272069,251.206212,0.081712,0.110898,0.12167,0.114716,0.641627,0.809443,1
1.500227,0.316157,445.967247,0.081542,0.11111,0.120311,0.16011,0.281156,0.3508,1
1.618698,0.274697,5536.400878,0.059435,0.106743,0.120931,0.006444,0.007108,-0.060326,1
1.733692,0.339372,28.98678,0.616178,0.112667,0.134617,0.077554,-0.195208,0.181868,1
1.770707,0.303709,53.752768,0.646577,0.100865,0.124204,0.128415,-0.183561,-0.138645,1
1.718625,0.337731,39.832116,0.67622,0.091957,0.154536,0.1406,-0.111784,-0.017818,1
2.081494,1.246501,67.779478,0.831805,0.217528,0.159877,-0.079094,0.902202,2.133728,1
2.130643,1.421803,64.68927,0.858286,0.230441,0.164367,-0.071687,0.458455,2.770414,1
2.029978,1.382075,83.828669,0.853823,0.23504,0.165764,-0.089022,0.239849,2.743384,1
2.039539,1.371168,52.285045,0.83429,0.014549,0.019601,-0.112648,0.071572,-0.916132,1
2.150037,1.349741,102.453606,0.737934,-0.0071,0.00179,-0.036116,-0.13959,-1.426083,1
2.338786,1.447504,17.999916,2.506566,-0.024462,-0.010844,-0.060755,-0.064842,-1.476092,1
2.260383,1.451813,38.843126,1.864613,-0.027559,-0.012956,-0.054456,-0.084883,-1.596716,1
1.691249,1.426703,20.464508,1.786135,0.076478,0.030624,0.842883,0.889225,5.386719,1
1.13945,0.565913,23.49048,1.687091,0.041632,-0.000356,-0.021714,0.098283,-0.472926,1
1.212839,0.556617,21.005213,1.428073,0.13084,0.004813,-0.005935,0.08263,3.001933,1
1.101241,0.772175,27.384967,1.212212,0.135564,0.003612,0.522629,0.119238,3.663346,1
1.026729,0.833358,14.127003,0.202685,0.17161,0.040679,0.954054,0.165694,3.176287,1
1.023494,0.739324,3190.407543,0.289161,0.183494,0.042121,0.092924,0.046898,0.761108,1
1.193162,0.873205,8154.977824,0.217768,0.506463,0.132713,0.198343,0.050322,9.214956,1
0.886393,0.55765,4.284332,0.197967,0.452454,0.121719,0.220662,-0.045029,2.66622,1
2.652469,2.454637,33.717446,0.053656,0.125084,0.360721,0.448982,5.97205,-0.912378,1
0.932885,0.884344,29.138516,0.047394,0.214132,0.338737,0.608382,12.461932,-0.84533,1
3.221142,1.529707,48.4891,0.046839,0.016687,0.227035,-0.004465,-0.704676,-0.918779,1
3.439401,1.604755,1.235544,0.190704,0.013015,0.206447,-0.002303,-0.611355,-0.875851,1
2.451279,1.313067,1.176246,0.204787,0.045787,0.607805,0.009815,-0.512202,0.375482,1
2.559163,1.244617,1.22208,0.213342,0.046256,0.654221,-0.016722,-0.446719,0.330723,1
3.234997,0.801646,1.232873,0.202331,0.046022,0.652128,-0.109852,-0.05183,-0.378665,1
4.04019,1.139123,1.334704,0.191788,0.044971,0.560456,-0.092142,0.26352,-0.522953,1
6.141664,0.918842,1.21861,0.192924,0.008694,0.165749,0.071401,0.114324,-0.96472,1
4.060819,0.447367,1.265942,0.206817,0.011983,0.275469,0.088906,0.065736,-0.7377,1
0.87472,0.564575,1.789667,0.235141,-0.130146,-1.073805,0.020665,-0.51339,0.122765,1
0.935529,0.573125,290.406192,0.260924,0.041662,-0.724412,-0.0173,-0.122501,1.312246,1
0.926441,0.568734,41.898525,0.296283,0.04792,-0.705496,-0.001105,-0.225381,0.107729,1
0.916862,0.572645,367.574624,0.312552,0.051791,-0.646151,0.020121,-0.06734,0.107854,1
1.37283,0.169924,872.24658,0.064661,-0.059414,-0.011367,0.055367,0.022492,-6.457245,1
1.279591,0.114371,329.146333,0.018202,-0.315375,-0.238327,0.003491,0.265726,-19.903563,1
1.407499,0.759252,414.844758,0.027776,0.081952,0.04526,0.054249,-0.044971,-0.375352,1
1.324758,0.784839,586.222914,0.02528,0.075144,0.041715,0.091724,0.044609,-0.290221,1
1.293029,0.772079,284.697504,0.012807,0.067967,0.040315,0.12013,0.011988,-0.244129,1
1.293899,0.792293,346.384948,0.012479,0.113036,0.058244,0.152615,0.065159,0.364721,1
1.162519,0.73391,105.051821,0.002346,0.110095,0.049854,0.085303,0.026822,-0.201388,1
1.093335,0.702479,27.015551,0.091547,0.133906,0.057202,0.13619,0.121076,0.798192,1
1.09708,0.712397,218658.2917,0.079836,0.137169,0.05461,0.221144,0.203635,0.609747,1
1.060902,0.666966,218569.1876,0.082876,0.117189,0.047065,0.208939,0.21074,0.151615,1
1.655115,0.268551,221683.9372,0.081076,0.154644,0.353721,0.050965,-0.703985,-0.381336,1
1.839869,0.262333,2141.655525,0.031986,0.151458,0.221891,0.696229,0.945596,0.263063,1
1.688041,0.180361,578.479903,0.032444,0.095989,0.162184,1.025005,0.370459,-0.246321,1
1.427672,0.47789,561.783766,0.032456,0.106049,0.149576,0.05437,0.068494,-6.007388,1
1.360078,0.424149,4337.834576,0.030656,0.109788,0.139638,0.202505,0.187319,-7.830667,1
1.388042,0.393965,750.299799,0.024728,0.071395,0.081099,0.252696,0.646835,-0.8563,1
1.556056,0.456195,237.682111,0.024654,0.122584,0.090009,0.22819,0.487238,0.146798,1
1.644784,0.411257,256.313846,0.025128,0.142153,0.097079,0.094533,0.713999,1.763718,1
1.53949,0.404849,254.794847,0.024218,0.125387,0.082969,0.157509,0.642081,-0.32511,1
1.453334,0.341468,1369.933338,0.007301,0.116032,0.106648,0.132652,0.000268,-0.039598,1
4.204824,3.629878,7.22564,0.028734,0.000712,0.041605,0.022224,-0.017698,-6.150665,1
3.800204,3.257193,9.193083,0.026846,-0.050551,-0.068653,-0.010161,0.070599,-3.405445,1
5.270794,1.542208,7.980189,0.024707,0.100031,0.219657,0.169064,2.607606,5.401298,1
5.630525,1.429611,9.521319,0.023317,0.11248,0.222456,0.179206,1.436802,6.171155,1
4.850342,1.355114,5.800704,0.019039,0.105906,0.214055,0.281431,0.575843,0.617184,1
3.20817,0.70188,12.48354,0.017667,0.126687,0.26214,0.316902,0.335652,0.515373,1
3.184724,0.65324,9.691905,0.014096,0.125063,0.264703,0.034591,-0.1369,-0.06116,1
2.929126,0.586503,411.150608,0.45529,0.128575,0.261315,0.094208,-0.063395,-0.168683,1
1.907767,0.707122,8.115462,2.621041,0.132877,0.286202,0.110639,0.235677,0.091962,1
1.920994,0.730669,2.847068,1.682797,0.150164,0.376227,0.316603,0.239239,0.411554,1
0.929374,0.700212,8.819015,2.996889,0.065062,0.005222,0.009585,0.179313,0.175104,1
0.825398,0.51438,3.405484,1.58813,0.076367,0.002465,0.124105,0.068307,0.283136,1
0.832926,0.516468,4.052342,0.606444,0.075078,-0.001731,0.104281,0.07018,0.219241,1
0.805288,0.415665,3.163532,0.537378,-0.020332,-0.026716,0.098067,0.077031,-1.328392,1
0.839847,0.455918,3.621625,0.52881,-0.018541,-0.0263,0.078844,0.051472,0.491358,1
0.876077,0.495805,4.83175,0.522845,-0.077225,-0.0223,0.213912,0.073312,-0.8335,1
0.889415,0.541473,4.481371,0.588848,-0.065935,-0.016133,0.333522,0.074546,-0.581698,1
0.961715,0.605055,5.034902,0.62572,0.220821,0.071435,0.490298,0.369964,13.091607,1
1.30525,1.168328,5.221113,0.256808,0.386312,0.076889,-0.138289,0.143613,0.273566,1
1.372994,1.186859,5.272623,0.258907,0.436965,0.082498,-0.242447,0.158069,0.533684,1
1.26112,0.907843,8.662084,0.031546,0.447314,0.081645,0.096557,0.185122,0.434061,1
1.215854,1.012794,8.892589,0.032308,0.492641,0.076837,0.811183,0.377834,0.610944,1
1.394228,1.170964,8.765054,0.031891,0.458711,0.073581,-0.295792,0.438727,0.139636,1
1.494555,1.278126,15.849734,0.028051,0.471945,0.070931,-0.386355,0.567465,0.232331,1
1.288071,0.981153,14.514093,0.026072,0.453773,0.06547,-0.052943,0.671724,0.265635,1
1.196656,1.003394,12.639464,0.022825,0.398358,0.062102,0.38697,0.451357,0.137598,1
0.807958,0.628463,11.315203,0.018714,0.049353,-0.007271,0.000624,0.058042,0.731035,1
0.90731,0.716419,53.05768,0.01641,0.051558,-0.001029,-0.026573,0.006163,0.451257,1
0.986294,0.806098,0.007511,0.000366,0.090049,0.027793,0.022244,0.042883,1.075725,1
1.010858,0.824628,0.0169,0.000417,0.106907,0.039407,-0.046788,0.133954,16.074054,1
1.251882,1.020187,343.495616,0.0928,0.046157,0.036032,0.046303,0.278826,7.483036,1
1.334106,1.012519,236.388953,0.095082,0.068566,0.054016,0.116743,0.250175,11.633512,1
1.298264,1.000048,246.601419,0.098293,0.06903,0.053257,0.049032,0.177463,0.048023,1
1.249185,0.821988,782.648829,0.090608,0.069072,0.050999,0.202355,0.116669,0.045059,1
1.204581,0.809587,617.054795,0.089481,0.067815,0.048067,0.348239,0.122519,0.033641,1
1.183136,0.754224,329.243825,0.073195,0.073662,0.053926,0.408978,0.109122,0.138679,1
0.052103,0.022591,46.866446,0.724947,2.421327,139.745455,2.899033,-0.711961,126.098586,1
0.029666,0.010682,56.639923,0.663831,2.528886,149.118499,2.889039,-0.562245,241.619785,1
0.587618,0.568468,33.319903,0.651007,2.58777,112.021621,0.160268,1.487066,-1.107778,1
0.074354,0.042816,36.997393,0.679878,2.660777,85.570037,0.014534,2.034533,-1.529408,1
0.116904,0.082467,44.305943,0.691768,-0.125824,-4.519113,0.020263,3.238173,-1.064897,1
0.08642,0.059791,48.025415,0.698204,-0.169789,-5.138391,0.008801,1.803364,-1.140137,1
2.538178,2.294027,32.745354,0.678904,0.043906,0.167106,0.010086,0.204085,0.248362,1
2.455698,2.205143,20.73783,0.444353,0.047467,0.175578,0.026566,0.210561,0.273259,1
2.001304,1.81208,44.197588,0.016397,0.049658,0.168298,0.11306,0.324976,0.260088,1
1.701982,1.5579,2.388013,0.012126,0.051848,0.17238,0.226486,0.338929,0.317327,1
1.952552,1.74389,14.197929,0.012746,0.054601,0.181739,-0.036787,0.163764,0.21856,1
1.664034,1.475773,6.885027,0.012534,0.052996,0.170885,0.164509,0.145357,0.073416,1
1.601599,1.362065,4.351153,0.01273,0.047687,0.151852,0.153532,0.134118,-0.048626,1
1.328136,1.083505,7.29974,0.019306,0.053681,0.161008,0.245804,0.172767,0.080706,1
0.912534,0.481888,33.415402,0.018826,0.07139,0.040442,0.025754,-0.509914,-0.27359,1
0.878795,0.437583,21.379205,0.021847,0.056096,0.030548,0.002725,-0.501041,-0.604999,1
0.867399,0.44608,5870.909754,0.096046,0.041108,0.013732,0.019051,-0.213028,-0.653837,1
0.825486,0.489978,3577.225651,0.087845,0.062703,0.014745,0.026752,0.147817,-0.211484,1
0.843723,0.449463,2267.954345,0.082861,0.059025,0.011193,-0.001545,1.233451,-0.187684,1
0.835694,0.444508,9896.432388,0.078669,0.07212,0.015605,0.008419,1.060226,0.695529,1
0.814257,0.435227,1734.532048,0.08439,0.113711,0.015062,0.021062,0.770332,2.695801,1
0.790924,0.410855,1107.289125,0.087855,0.085616,0.011283,-0.014209,0.162896,0.307956,1
0.708703,0.681004,1312.893982,0.088721,0.016814,0.000657,0.042439,0.401384,-0.239905,1
0.648612,0.624144,1672.448168,0.086203,0.009058,0.006013,0.062696,0.299287,-0.379678,1
0.657549,0.63368,2.318931,0.740173,0.011628,0.016273,0.13386,0.344792,-0.247723,1
0.683772,0.683332,2.132558,0.690094,0.041377,0.097096,0.151343,0.297536,1.056409,1
0.584353,0.583732,2.163823,0.71821,0.02832,0.085039,0.003373,-0.376096,-0.74955,1
0.641567,0.639406,1.998591,0.650952,0.034261,0.105468,0.049455,-0.233988,-0.093663,1
0.479886,0.47939,2.100114,0.681823,0.03448,0.097604,0.06233,-0.249964,-0.04347,1
0.45323,0.452875,2.173459,0.727217,0.02207,0.052068,0.129405,-0.244764,-0.372764,1
1.398266,0.496541,2.122513,0.757135,0.171095,0.238526,-0.048805,0.210493,-0.655443,1
1.353353,0.489944,2.168352,0.737398,0.191281,0.253752,-0.018304,0.235524,1.232605,1
1.189546,0.442458,2.278338,0.698249,0.205469,0.230393,0.006202,0.307653,0.341906,1
1.274748,0.370595,3.227491,0.896684,0.225378,0.245784,-0.024904,0.331547,0.435273,1
1.345461,0.423315,3.885611,0.894777,0.293077,0.293984,-0.014036,0.919045,164.749187,1
1.342579,0.656676,3.395186,0.820968,0.365248,0.259825,-0.178431,2.197474,3.798776,1
1.504377,0.741172,2.937852,0.81623,0.365212,0.268307,-0.211897,1.418299,2.826827,1
1.352828,0.844412,3.101951,0.903272,0.215149,0.236272,-0.169763,0.285407,0.161126,1
1.253456,1.058847,5.432011,0.906399,-0.105899,-0.059472,-0.067,-0.027919,-0.0564,1
1.297717,1.104777,3.641586,0.65539,-0.107857,-0.06205,-0.045302,-0.118796,-0.160109,1
1.244617,1.046204,14.480798,0.548353,-0.022035,-0.038758,-0.060282,-0.100021,1.384668,1
1.263618,1.057974,9.249413,0.503011,0.061976,-0.019846,-0.068563,-0.106693,1.55042,1
1.253192,1.023182,10.004,0.473119,0.078545,-0.015763,0.025003,0.053023,2.128304,1
1.14354,0.868227,8.262906,0.467602,0.095614,-0.012348,0.01772,0.003223,2.557577,1
1.219098,0.910861,9.293765,0.473536,0.112889,0.000576,0.025488,0.075776,2.217765,1
1.26145,0.960878,7.406945,0.46933,0.109288,0.00074,0.061298,0.082909,0.902666,1
1.201382,1.026672,7.97963,0.462578,0.189171,0.063823,0.097019,6.414748,-12.883429,1
1.209152,1.045121,7.425038,0.454169,0.165314,0.05144,0.099916,4.196833,-0.452601,1
1.202629,0.975795,151.912544,0.023364,0.187231,0.055583,0.149915,4.389853,-0.083825,1
1.241694,1.048933,141.16144,0.021089,0.225084,0.08979,0.248604,0.781699,0.368838,1
1.230423,1.036495,133.923793,0.021169,0.265973,0.095311,0.071037,1.009225,3.569397,1
1.23851,1.107564,96.777921,0.022268,0.2584,0.086886,0.056147,0.687668,1.402284,1
1.262806,1.145985,110.416972,0.021997,0.3456,0.109585,0.1317,0.905208,3.30547,1
1.172571,1.074728,130.141395,0.019895,0.209138,0.086339,0.234892,0.022258,0.144687,1
1.186036,0.709428,138.613829,0.019819,-0.000049,-0.018879,0.00275,0.124231,-1.614073,1
1.145029,0.668878,115.154066,0.020374,-0.023642,-0.019955,-0.018371,0.057121,-3.099415,1
1.144792,0.701078,3.72768,0.773068,-0.080466,-0.024546,0.004087,0.013037,-4.812277,1
1.10452,0.791238,3.523053,0.764302,-0.080583,-0.024383,0.001069,-0.023736,-8.992208,1
1.101868,0.754489,3.114875,0.720409,-0.14125,-0.027121,-0.056488,-0.058332,-14.611989,1
1.083484,0.747814,3.499501,0.744998,-0.127254,-0.022454,0.046935,-0.031585,-1.603494,1
1.107303,0.745198,3.616015,0.704258,-0.049106,-0.012838,0.089554,-0.031906,0.487959,1
1.082594,0.764448,3.31536,0.748476,-0.03961,-0.008987,0.03381,-0.00839,0.554578,1
1.445908,0.3474,3.546094,0.780508,0.208034,0.237203,0.025278,0.520543,0.703543,1
1.3643,0.274575,3.393686,0.8537,0.2292,0.251579,0.160271,0.589495,0.753813,1
1.32524,0.307581,4.705803,0.091166,0.245551,0.255495,0.191433,0.667257,0.869579,1
1.336688,0.285008,5.861363,0.089733,0.199886,0.230243,0.203848,0.2635,0.22172,1
1.365946,0.312879,3.914362,0.080431,0.206867,0.22899,0.0172,0.473226,0.674021,1
1.533692,0.377939,2.569257,0.076505,0.19464,0.219038,0.021637,0.280463,0.101668,1
1.583609,0.442169,2.565754,0.076154,0.17546,0.214857,0.06893,0.113582,-0.019393,1
1.591817,0.499327,2.498937,0.078609,0.186662,0.239278,0.079617,0.090985,0.128062,1
1.836169,1.263716,2.498905,0.077382,0.066536,0.048135,0.013199,-0.150914,1.252461,1
1.757144,1.250156,1.922677,0.069649,0.068944,0.052734,0.079047,-0.09403,0.680968,1
1.622012,1.157374,2.811912,0.008254,0.063138,0.048701,0.110703,-0.078021,0.281283,1
1.511633,1.066001,3.436279,0.008988,0.060104,0.042677,0.131445,-0.023686,0.179,1
1.519823,0.97044,3.403868,0.008804,0.043407,0.034665,0.013311,0.021978,-0.596571,1
1.477663,0.960777,2.356073,0.00846,0.044603,0.037436,0.065162,0.128406,-0.283097,1
1.485969,0.934973,2.264633,0.008008,0.053076,0.042912,0.10238,0.134671,-0.016457,1
1.465261,0.995483,2.52523,0.007556,0.058352,0.042742,0.148166,0.217122,0.099517,1
1.099959,0.964487,2.45822,0.007017,0.077403,0.013261,0.189776,0.12802,0.087821,1
1.121945,0.965859,1.679587,0.006257,0.080001,0.015163,0.094767,0.205671,0.133253,1
1.095976,0.943303,5.529931,0.166994,0.081702,0.007486,0.18881,0.241304,0.153554,1
1.083235,0.943031,5.875803,0.166329,0.155732,0.011103,0.367651,0.245467,1.268596,1
1.061407,0.929518,6.163745,0.165697,0.133879,0.01159,0.039364,0.232538,0.010777,1
1.056551,0.932426,7.062515,0.160154,0.130103,0.010573,0.119438,0.246563,-0.004808,1
1.043603,0.922285,5.182351,0.164742,0.127054,0.015834,0.166203,0.219815,-0.034949,1
1.019847,0.891022,5.663221,0.177318,0.045567,0.015662,0.201074,0.2263,-0.635312,1
7.154227,7.154139,5.926179,0.186954,0.08751,1.538779,0.015222,-0.129007,-0.036623,1
5.326975,5.326729,7.48887,0.179658,0.092844,1.57906,0.003135,-0.10994,-0.002332,1
6.918632,6.918523,3.82917,0.010031,0.093922,1.611986,0.025727,-0.055506,0.049937,1
6.030599,6.030384,5.627968,0.013418,0.084924,1.514574,0.055634,-0.027711,-0.043554,1
5.582161,5.582161,18.257347,0.029582,0.089433,1.506164,0.052552,-0.03104,0.376441,1
7.749427,7.749427,38.0197,0.046959,0.091826,1.538819,0.050583,-0.031813,0.211474,1
8.992532,8.992532,32.606987,0.051266,0.092395,1.581293,0.096262,-0.015383,0.177654,1
12.409117,12.409117,42.154461,0.043611,0.088929,1.541109,0.221738,-0.022245,0.114699,1
1.977997,1.974984,18.970368,0.027885,0.077766,0.294052,0.017312,0.113692,-0.109979,1
2.115859,2.111876,11.292966,0.013201,0.085533,0.327999,0.018495,-0.00348,0.146487,1
1.376503,0.417767,4.111179,0.282656,0.056711,0.058079,0.107408,0.368332,-0.316082,1
1.380101,0.519547,3.875445,0.285178,0.114807,0.102886,0.141432,0.465281,0.51282,1
1.397354,0.432359,3.425152,0.283788,0.085536,0.087398,0.040346,-0.188353,-0.857278,1
1.257725,0.427879,4.70961,0.265207,0.094758,0.087481,0.090344,-0.07708,-0.660699,1
1.274878,0.371641,4.257728,0.27507,0.109995,0.100284,0.161816,-0.039578,-0.038111,1
1.34885,0.501787,4.358363,0.280127,0.119275,0.105941,0.126208,0.173864,0.113841,1
5.887078,4.749615,3.497943,0.276784,0.013537,0.033073,-0.01388,-0.281305,0.347281,1
5.776074,4.98052,4.468355,0.278964,0.008879,0.02382,0.000612,-0.188294,-0.151797,1
7.945992,7.794622,2.208765,0.112054,0.009883,0.028071,-0.025524,-0.175625,-0.144451,1
5.966832,5.79623,2.584848,0.120528,0.03716,0.092033,0.029278,-0.100381,2.250891,1
5.972096,5.821223,2.023048,0.108623,0.050161,0.117425,0.010117,0.082858,3.771811,1
8.741938,8.329057,1.755242,0.092132,0.059561,0.133587,0.002964,0.148246,1.563397,1
8.558115,8.178979,1.947636,0.096712,0.06759,0.148189,0.007884,0.11259,3.061955,1
8.458554,8.402973,2.073139,0.092315,0.023177,0.05488,-0.007471,0.160775,-0.361838,1
4.007865,2.986583,1.904359,0.077497,0.076464,0.167859,-0.019277,0.007958,0.007753,1
2.247611,1.608781,3.323911,0.112171,0.082641,0.193729,0.035454,0.027889,0.191417,1
2.073597,1.457663,5.687142,0.032882,0.084357,0.197743,0.064986,0.070088,0.176779,1
1.819216,1.222723,26.965465,0.333634,0.087435,0.179336,0.0875,0.087771,0.341084,1
1.966391,1.339989,83.997707,0.314908,0.084198,0.171781,0.00256,0.091962,-0.106329,1
2.170711,1.397339,7.41166,0.060136,0.086672,0.167944,0.015835,0.126021,0.035868,1
2.27803,1.549145,273.602905,1.088641,0.092567,0.167861,0.080024,0.112098,0.23951,1
2.220154,1.566692,88.969453,0.956938,0.079434,0.177638,0.148676,0.127961,0.057509,1
1.180472,0.890983,461.562964,0.667938,0.082904,0.008177,0.010738,0.271292,5.733677,1
1.321013,0.995024,120.400766,0.694291,0.091069,0.012159,0.035318,0.312904,1.222013,1
1.248627,0.942689,116.313344,0.660378,0.118168,0.014182,0.056329,0.259383,1.317246,1
1.290125,0.962188,192.662837,0.768924,0.143549,0.014945,-0.020869,0.227758,1.266572,1
1.273206,1.019809,601.992302,0.915536,0.160564,0.014518,0.009754,0.146428,0.931294,1
1.265903,1.01445,39.55541,0.929163,0.168651,0.016786,0.078353,0.121702,0.856652,1
1.204104,0.970151,4.176792,0.253886,0.191868,0.018571,0.173771,0.133418,0.728099,1
1.156411,0.959998,3.781628,0.228114,0.180814,0.020917,0.1895,0.184644,0.467308,1
2.401987,0.566519,3.600433,0.224349,0.003474,0.071707,0.184088,-0.073963,0.201814,1
2.464541,0.808095,4.569936,0.221145,0.014514,0.183043,0.395623,-0.496998,2.823347,1
2.710003,0.715506,4.392809,0.190342,0.017603,0.250797,0.695078,-0.596236,4.115762,1
3.54711,0.323309,4.502267,0.194462,0.122441,0.173129,0.640716,7.589183,38.429738,1
3.414157,0.184135,4.193176,0.192288,0.115016,0.165923,-0.000374,-0.380032,-8.47843,1
1.926233,0.079704,4.944968,0.175738,0.113985,0.157041,-0.011563,2.567577,-0.36217,1
1.527246,0.054454,8.512927,0.919019,0.103966,0.14645,0.006995,2.750815,-0.937388,1
1.526918,0.051223,7.071207,0.425405,0.036753,0.177218,-0.069373,-0.783791,-0.675494,1
1.822619,1.565194,4.643499,0.473672,0.055097,0.042851,0.015544,0.662778,0.445739,1
1.917175,1.78965,7.950002,0.453196,0.081639,0.063631,-0.011927,-0.012822,3.784632,1
1.489451,1.42484,2.056226,0.621549,0.097003,0.077305,0.467481,-0.068461,2.497469,1
1.490542,1.441084,1.574899,0.526614,0.098099,0.096737,0.494675,-0.071164,1.098518,1
1.434915,1.383288,1.510018,0.503926,0.104267,0.101498,0.111867,0.143294,0.454796,1
1.335135,1.296212,1.424092,0.51054,0.147464,0.111563,0.272736,0.601063,1.293438,1
1.44265,1.38699,1.33611,0.498425,0.16279,0.09899,0.110877,0.961346,1.082934,1
1.387021,1.339767,1.015676,0.387622,0.113717,0.068259,0.172587,0.632005,0.217687,1
1.407267,1.087226,0.890836,0.338712,0.019985,0.009558,0.241992,-0.130305,0.074082,1
1.441841,1.137135,0.710614,0.275049,0.021213,0.013295,0.25656,-0.235158,0.101841,1
1.448775,1.130519,42.285887,0.789022,0.02682,0.015114,0.271388,-0.174367,0.400823,1
1.406668,1.082638,43.590953,0.917577,0.029725,0.018647,0.365764,-0.077132,0.502811,1
1.357305,1.045964,49.262636,1.020292,0.027399,0.018898,0.046097,0.158638,0.634488,1
1.298344,1.001447,99.707585,0.90148,0.032953,0.021487,0.062171,0.188751,0.638846,1
1.214196,0.915909,40.988216,0.820914,0.037442,0.027946,0.048018,0.148581,0.620855,1
1.009927,0.739468,31.299876,0.774124,0.037358,0.027023,0.087151,0.110496,0.512286,1
0.500825,0.474358,44.561667,0.864947,0.7384,0.09961,0.026251,0.756185,137.018817,1
0.519217,0.493553,55.683642,0.980084,0.641841,0.113119,0.100993,0.66601,3.178741,1
0.589569,0.563173,96.112199,0.021665,0.266013,0.107107,0.151762,0.201493,0.597505,1
0.581073,0.55889,31.046898,0.006493,0.191792,0.106111,0.464391,0.19394,0.469885,1
0.570623,0.545869,4.979338,0.001048,0.19682,0.121389,-0.028736,0.406911,0.334529,1
0.598152,0.576649,2.480001,0.000892,0.200576,0.13693,0.003556,0.338477,0.326273,1
0.609109,0.587819,5.287569,0.327133,0.200332,0.14224,0.041609,0.369078,0.289517,1
0.661145,0.640847,7.582947,0.429708,0.190949,0.139827,0.093154,0.338905,0.50274,1
2.089613,1.657557,7.966491,0.395413,0.151954,0.169591,-0.028502,-0.486377,-0.700941,1
2.214697,1.845248,10.45599,,0.116464,0.147689,-0.000793,-0.307517,-0.480076,1
2.108086,1.768009,16.053904,0.292438,0.104023,0.136829,-0.000199,-0.261104,-0.452345,1
2.105485,1.840605,20.728974,0.291161,0.094951,0.117645,0.006324,-0.198235,-0.475109,1
2.275149,1.932352,23.04404,0.298316,0.08831,0.108608,0.012216,-0.10008,-0.36361,1
2.215674,1.879507,27.589215,0.283331,0.044669,0.062231,0.028847,-0.306275,-0.691344,1
2.386232,2.010272,15.895546,0.237693,0.025648,0.038349,0.009198,-0.315983,-0.736933,1
2.932494,2.521757,17.046795,0.213709,0.015075,0.025644,0.04714,-0.329268,-0.84112,1
1.163999,0.725779,16.15056,0.192363,0.005538,-0.029906,-0.001704,0.560303,0.082283,1
1.158537,0.66772,19.763471,0.205258,0.007061,-0.043503,-0.007661,0.520481,0.128969,1
1.24788,0.606433,12.897643,1.277436,0.001298,-0.045477,-0.012071,-0.056194,-0.304704,1
0.92969,0.445108,16.386783,1.304266,0.009871,-0.049437,-0.03812,0.121406,0.383136,1
2.141176,1.19345,6.148111,0.71386,0.047477,0.093198,0.023607,-0.373667,-0.076951,1
2.51019,1.477124,8.889909,0.74973,0.042793,0.081516,-0.008164,-0.279254,-0.273264,1
2.796032,1.747676,7.967747,0.809246,0.068914,0.144685,-0.024053,-0.252488,1.980895,1
2.494279,1.654724,13.546593,0.805176,0.016881,0.050639,-0.001342,-0.236969,-0.653321,1
2.683743,1.828703,6.966859,0.788518,0.011127,0.035155,0.007312,-0.196596,-0.460187,1
2.319264,1.528241,6.617458,0.596186,0.004362,0.032356,0.01406,-0.165512,-0.796801,1
3.256754,2.064576,6.782658,0.706646,0.020045,0.064016,-0.044988,0.211992,0.125379,1
3.079577,1.977025,11.295598,0.800641,0.062264,0.165121,-0.004941,0.101195,2.776988,1
1.672371,1.001349,2.115843,0.92788,0.068894,0.236161,-0.020434,0.745143,0.793403,1
1.898404,1.257263,2.112937,0.966321,0.072769,0.245136,0.015675,0.383514,0.494857,1
1.733282,1.525964,2.029622,0.940378,0.108036,0.232377,0.046007,0.323485,1.018969,1
2.392875,1.845729,1.74317,0.855385,0.116856,0.287541,0.023425,0.17328,1.071595,1
2.032055,1.532221,1.925186,0.9135,0.111462,0.328592,0.015467,-0.485342,-0.184137,1
1.831747,1.097858,1.97006,0.916829,0.103471,0.34363,0.086431,-0.362779,-0.185689,1
1.420367,0.706727,1.680443,0.876083,0.067615,0.376026,0.081892,-0.345471,-0.451618,1
3.302024,1.972944,14.687868,0.351461,0.073783,0.382377,0.087324,-0.235171,-0.320224,1
1.076397,0.920473,9.252843,0.371457,0.277046,0.095281,0.194715,0.165985,0.456675,1
1.100398,0.895046,7.241431,0.363967,0.274639,0.094944,0.240815,0.172184,0.403596,1
1.586375,1.277473,10.999392,0.359495,0.094969,0.071076,0.07518,-0.028036,-0.248597,1
1.575206,1.310738,66.742294,0.253847,0.107518,0.077471,0.174317,0.14272,0.096043,1
1.629918,1.354087,51.041077,0.277391,0.109716,0.0742,0.181959,0.194795,0.124194,1
1.640033,1.347413,58.451283,0.250973,0.116167,0.076421,0.183977,0.210656,0.180372,1
1.570093,1.272036,63.16975,0.272176,0.120517,0.077574,0.087923,0.264611,0.33367,1
1.422047,1.128191,67.125996,0.262369,0.149724,0.100153,0.635667,0.103158,0.744714,1
1.417996,1.12932,43.080622,0.232059,0.15712,0.092973,0.56538,0.295706,0.688197,1
1.339404,1.076925,53.055436,0.234373,0.15388,0.082751,0.533482,0.365715,0.515204,1
1.866312,1.361722,21.309519,0.269292,0.211698,0.091406,0.019637,0.117375,1.772378,1
1.867649,1.362397,103.753762,0.45897,0.21157,0.085915,0.056255,0.001258,0.537119,1
1.930824,1.283381,69.840752,0.445189,0.241651,0.096125,0.073142,0.065917,0.897103,1
1.876884,1.402347,149.88018,0.423675,0.219914,0.104322,0.197146,0.082098,0.352282,1
2.237281,1.680736,169.074474,0.324204,0.20906,0.118874,-0.045249,0.279753,0.489351,1
2.387528,1.718728,4.615496,1.186248,0.230584,0.138622,-0.035821,0.200957,0.630046,1
2.456265,1.975502,4.138456,1.213541,0.256541,0.158056,0.039033,0.168362,0.673996,1
0.804662,0.601556,5.164225,1.140384,-0.003145,-0.028715,0.011825,-0.157575,-0.611925,1
0.788872,0.62632,7.523146,1.209604,-0.014312,-0.037419,0.050072,0.026789,-3.788133,1
0.788315,0.660249,4.421292,1.064072,0.000395,-0.023913,0.069682,0.039689,-0.623419,1
0.687723,0.545418,3.829637,1.003174,0.014577,-0.001775,0.038314,0.075095,0.440216,1
0.654112,0.486668,5.116685,0.983404,0.010045,-0.003654,-0.006362,0.326841,-0.141003,1
0.662664,0.531348,6.594565,1.079866,0.008301,-0.010348,0.016516,0.07934,-0.362601,1
0.659951,0.557611,5.727041,0.672788,-0.005623,-0.022518,0.03048,0.039002,-3.439252,1
0.526451,0.420365,3.741694,0.572691,-0.020301,-0.053541,0.022278,-0.002928,-2.396311,1
1.751109,0.538841,4.904373,0.601759,0.108604,0.172047,0.028831,-0.064254,-0.543123,1
1.859745,0.526179,7.045585,0.669886,0.117336,0.169806,-0.01463,0.260474,-0.248254,1
2.096853,0.631406,5.11308,0.635467,0.128482,0.189858,0.116711,0.148089,0.01969,1
2.210268,0.641643,4.505403,0.670635,0.154723,0.235722,0.086252,0.153692,0.305388,1
2.62011,0.842214,5.87711,0.710234,0.149703,0.22825,0.08597,0.202582,-0.116027,1
2.473474,0.572847,9.103626,0.756482,0.13495,0.230841,0.100779,-0.333453,-0.469944,1
2.27314,0.555053,2.284865,0.308556,0.114474,0.187507,0.126412,-0.066594,-0.526946,1
2.059632,0.534879,11.705875,0.342486,0.121445,0.186797,0.151397,0.108302,-0.115765,1
0.399605,0.114923,12.188332,0.401495,0.059567,0.143649,0.023134,0.012638,1.773913,1
0.488884,0.15895,8.803375,0.374796,0.095303,0.160273,0.092123,0.016537,1.250581,1
0.508063,0.134329,1.512165,0.237729,0.148004,0.204781,0.107061,0.075481,1.475148,1
0.460859,0.116641,2.943045,0.229843,0.200215,0.123223,0.111625,0.016797,24.246903,1
0.488526,0.099612,0.774814,0.182595,0.376526,0.121887,0.02839,-0.279453,3.306048,1
0.520039,0.109569,0.82422,0.109648,0.281339,0.049949,0.06124,-0.348106,0.923526,1
0.540409,0.156863,13.335746,0.527938,0.234608,0.042902,0.10007,-0.198292,0.42034,1
0.567829,0.169636,22.895849,0.727437,0.263921,0.204805,0.005601,0.024659,0.67068,1
1.311317,1.047979,5.935839,0.274951,0.130788,0.037044,0.28607,0.494024,2.836726,1
1.289795,1.091577,6.312359,0.240552,0.145146,0.039767,0.372154,0.372363,0.981085,1
1.265876,1.046596,4.58439,0.12484,0.143367,0.04141,0.420067,0.222133,0.618162,1
1.256461,0.938365,5.559526,2.404707,0.140759,0.03724,0.346004,0.197908,0.464795,1
1.2565,1.031071,4.634374,2.364299,0.114289,0.042188,0.052588,0.045838,0.474298,1
1.244503,1.085672,6.299507,2.777181,0.118372,0.047472,0.081723,-0.000343,0.301879,1
1.256139,1.091559,4.925745,2.483283,0.109849,0.04614,0.080297,-0.004707,0.144434,1
0.954031,0.710275,20.0943,0.14777,-0.100921,-0.083398,0.084893,-0.117526,0.072671,1
1.006246,0.751257,4.98264,0.137407,0.011141,-0.005812,0.162381,-0.004998,6.397437,1
0.864199,0.599527,4.008337,0.035114,0.038302,0.01742,0.099477,0.021108,1.365013,1
1.089309,0.788303,10.614064,0.037819,0.041813,0.020065,0.075949,-0.038112,1.338375,1
1.092627,0.792428,5.385025,0.03183,0.043916,0.023932,0.042069,0.129347,2.786712,1
1.114262,0.844763,5.820594,0.034352,-0.024115,-0.012935,-0.005462,0.182656,-0.650273,1
1.101509,0.810683,2.224518,0.013053,0.031478,0.020421,0.154223,0.286407,0.041715,1
1.268707,1.268707,2.756149,0.009213,0.028517,0.130199,-0.012933,33.490943,0.146194,1
1.299114,0.759226,4.150111,0.008751,0.004359,0.091726,-0.059517,4.6737,-0.462809,1
1.303619,0.884711,16.795567,0.121631,-0.00001,0.072792,-0.064196,4.906811,-0.546827,1
1.293783,1.1882,16.255906,0.146371,0.088529,-0.120701,0.27877,4.792161,2.390964,1
1.775309,1.644647,19.197662,0.166803,0.084031,-0.20974,0.010863,-0.74987,-0.48841,1
1.417118,1.417118,11.32198,0.109766,0.091383,-0.367633,-0.040145,-0.58714,0.208131,1
0.610319,0.57227,424.363064,1.169343,0.059844,0.226949,0.457297,0.051541,-0.792559,1
0.247449,0.21855,339.693439,1.246909,-0.024961,-0.077642,0.863875,-0.223428,-1.231575,1
1.182146,0.882322,480.968672,1.293766,0.160941,0.020961,0.241188,0.095529,0.74865,1
1.194429,0.8997,481.248173,1.259863,0.167864,0.022186,0.249997,0.145135,0.558559,1
1.191423,0.880548,485.192294,1.18314,0.156527,0.020807,0.324277,0.148828,0.29579,1
1.230861,0.89819,348.512652,1.143407,0.147212,0.018971,0.167243,0.168022,0.174531,1
1.209965,0.924844,416.605067,1.147031,0.11946,0.015596,0.109333,0.207418,-0.428349,1
1.198804,0.922131,203.927386,1.113666,0.109371,0.013915,0.159252,0.158167,-0.315521,1
1.193115,0.887326,6.661004,0.780831,0.109893,0.013865,0.239187,0.153608,-0.205135,1
1.22994,0.875735,8.312118,0.827857,0.098284,0.012685,0.086191,0.137801,-0.239486,1
1.454833,1.309592,9.656143,0.908109,0.624147,0.443173,0.508345,-0.079259,0.823019,1
3.893164,3.774818,12.112849,0.927413,0.097851,0.401461,3.065449,-0.294207,0.560826,1
4.10187,3.964508,12.573375,0.946935,0.101719,0.383463,2.967053,-0.070886,0.410405,1
8.147816,7.785881,13.313312,1.038774,0.128433,0.428058,3.381309,0.196378,0.699156,1
5.692684,5.492465,10.985244,1.031666,0.161481,0.416028,0.109466,2.018338,1.448158,1
4.859767,4.734843,11.900285,1.033393,0.118875,0.418489,0.212818,2.567936,2.130743,1
4.746854,4.586568,510.177307,1.216556,0.131505,0.367663,0.232027,1.208957,1.601149,1
3.393283,3.178457,681.692273,1.237416,0.147234,0.300484,0.380294,1.300028,1.219948,1
0.471588,0.471588,621.360642,1.24883,0.079926,0.30113,0.027968,1.258601,1.751341,1
0.435105,0.435105,1469.879791,1.157852,0.08604,0.28201,0.103289,1.043981,0.751132,1
0.824132,0.824132,910.269172,1.282213,0.074048,0.285245,0.248107,0.16779,0.192991,1
0.552892,0.552842,1126.673662,1.247168,0.148544,0.227738,0.193071,1.55895,1.114459,1
0.70631,0.706195,451.310511,1.256428,0.133705,0.211902,0.057593,1.300866,0.756288,1
0.593803,0.593731,1464.430338,1.140863,0.140352,0.204315,0.144603,1.28887,0.522234,1
0.588281,0.588168,14.288945,0.402148,0.147371,0.188348,0.157166,1.295883,0.553578,1
0.659905,0.65977,13.784838,0.372698,0.112339,0.180164,0.185475,0.074565,-0.116355,1
9.087432,8.889735,11.3965,0.341518,0.120784,0.277442,0.008669,-0.06232,1203.88231,1
6.978997,6.82886,13.876002,0.357314,0.101528,0.224022,-0.025933,-0.019764,3.531513,1
7.702324,7.533251,11.554294,0.357809,0.153638,0.337956,0.016962,-0.007925,7.702823,1
8.198679,8.008996,11.330149,0.384166,0.025255,0.05152,-0.027367,-0.00717,-0.720782,1
10.032879,9.817225,10.68096,0.386524,-0.004175,-0.016882,-0.051024,-0.029289,-1.09361,1
7.696681,7.507855,11.924453,0.356412,0.034069,0.062966,-0.066777,-0.049434,2.029737,1
5.235397,5.048632,61.160406,0.407021,0.015919,0.018731,-0.076686,-0.046183,-0.181121,1
16.349782,16.349782,82.266522,0.395284,0.116502,0.302527,-0.096577,-0.05481,3.727898,1
1.328189,1.175974,77.909682,0.381041,0.153174,0.065654,0.066199,0.050779,0.037973,1
1.309966,1.12147,66.897503,0.374822,0.148029,0.061632,0.021446,0.11833,-0.006914,1
1.268745,1.097724,48.341336,0.397492,0.149111,0.062062,0.100265,0.108631,0.036157,1
1.269629,1.089896,90.977995,0.436844,0.145505,0.061562,0.128032,0.088354,0.032855,1
1.293832,1.120714,81.291318,0.409725,0.135076,0.059864,0.037606,0.038836,-0.074563,1
1.282929,1.095292,75.51802,0.383448,0.134592,0.060379,0.000416,-0.024396,-0.06765,1
1.213793,0.999986,37.699408,0.28982,0.116587,0.054414,0.041504,-0.017754,-0.177559,1
1.207627,1.001776,25.93891,0.263971,0.124509,0.059113,0.057466,0.006273,-0.0593,1
1.643325,1.481181,22.955696,0.251263,0.087296,0.051268,0.030107,0.447774,-0.072138,1
1.711475,1.539535,30.709149,0.24172,0.090959,0.053914,-0.032336,0.289197,0.007595,1
1.662478,1.471107,31.149175,0.231121,0.097535,0.053822,0.037035,0.387967,0.123156,1
1.630224,1.459387,33.103734,0.222843,0.108085,0.059744,0.097436,0.264946,0.253201,1
1.702792,1.596112,29.248723,0.211441,0.119267,0.066592,-0.003985,0.091944,0.561458,1
1.629247,1.512309,32.243567,0.213953,0.130975,0.068291,0.050297,0.244067,0.485093,1
1.593424,1.480579,20.456027,0.525971,0.147956,0.076628,0.146708,0.224909,0.597605,1
1.575701,1.478276,28.074955,0.550287,0.16341,0.084079,0.233587,0.237886,0.665747,1
0.979216,0.821994,26.098673,0.570467,0.08911,0.051178,-0.044953,0.106568,-0.012219,1
1.026382,0.884638,39.379903,0.499988,0.090984,0.052453,-0.043553,0.116893,0.091182,1
1.022977,0.842838,21.49706,0.50346,0.08922,0.048243,-0.01584,0.112783,0.001438,1
1.014253,0.807046,21.34151,0.514241,0.081412,0.043982,0.029011,0.101377,-0.064823,1
1.03891,0.821095,20.005053,0.491134,0.079526,0.043926,-0.068942,0.072919,-0.019205,1
1.081255,0.897259,73.168201,0.491175,0.069769,0.040978,-0.086133,0.026528,-0.178857,1
1.07961,0.848114,2.901646,0.519056,0.063203,0.039093,-0.08455,0.017855,-0.260946,1
1.131762,0.889811,2.882179,0.509873,0.073212,0.042707,-0.009259,0.010047,-0.051181,1
0.710888,0.521992,2.392496,0.518015,-0.033079,-0.182229,0.077222,-0.060081,-1.41302,1
0.685381,0.490957,5.680897,0.47276,-0.152884,-0.224219,0.082692,-0.091328,-2.072863,1
0.690239,0.529121,3.227852,0.473731,-0.260061,-0.234525,0.180032,-0.068907,-1.876519,1
0.418364,0.278146,3.196728,0.445238,-1.112212,-0.265982,0.158835,-0.099772,-51.568972,1
0.416122,0.301283,2.622897,0.411957,-0.619946,-0.192517,-0.237781,-0.043631,3.618593,1
0.374751,0.25939,3.589183,0.33781,-0.523427,-0.143312,-0.255899,-0.178735,1.826519,1
1.883549,1.103445,27.42938,0.066298,0.085225,-0.135175,-0.117866,-0.155943,0.161091,1
1.796915,1.214875,22.721831,0.061974,0.125809,-0.097147,-0.043085,-0.056509,0.731647,1
0.708291,0.424644,20.142563,0.053423,0.186834,0.075904,0.031109,-0.166846,-0.35635,1
0.613052,0.318931,98.1436,0.096625,0.135956,0.056618,0.039098,-0.112856,-0.570769,1
0.659547,0.404968,50.291571,0.082569,0.102089,0.039246,0.079932,0.001306,-0.652245,1
0.746206,0.515932,48.468305,0.081762,0.026159,0.011174,0.192468,-0.003701,-0.864006,1
0.781144,0.537935,47.734471,0.076176,0.007517,0.002046,0.010405,0.210464,-0.729803,1
0.753579,0.524941,44.43821,0.0326,-0.010504,-0.005853,0.02435,0.129553,-0.810143,1
4.354525,3.437859,6378.553088,0.125023,0.24703,0.387537,0.13945,-0.08677,0.058263,1
3.999468,2.920273,6278.761941,0.119028,0.246992,0.397143,0.247536,-0.001816,0.125079,1
1.958613,1.614369,556.158419,0.108596,0.083147,0.05965,0.077822,-0.159891,-0.372208,1
1.947215,1.594487,26962.23338,0.114462,0.078122,0.055874,0.019002,0.039221,-0.083644,1
2.108926,1.704345,4.725428,0.289314,0.067656,0.052877,-0.022761,-0.061298,-0.206972,1
1.84887,1.458529,5.694717,0.296533,0.02027,0.019362,-0.0506,-0.136636,-0.73713,1
0.387668,0.121409,4.28859,0.299034,0.063654,0.184479,-0.008706,-0.041322,0.057109,1
0.29064,0.106541,4.710003,0.293807,0.038939,0.133846,-0.017695,-0.060868,-0.464172,1
0.289443,0.089465,3.146531,0.268108,0.030851,0.114923,-0.003605,-0.099911,-0.473566,1
0.858388,0.656484,2.155346,0.254483,0.02253,0.104519,0.280341,-0.06512,-0.527946,1
1.196198,0.980274,2.0163,0.246744,0.068695,0.204124,-0.053031,0.342164,15.765197,1
1.176003,0.920302,2.345562,0.235581,0.059254,0.165881,-0.024789,0.044784,1.91571,1
0.6639,0.338061,3.491519,0.78417,0.057583,0.140529,-0.165455,0.402081,2.160907,1
0.543422,0.147242,3.819125,0.83621,0.064473,0.071893,0.133464,0.124898,-0.014236,1
0.567616,0.155358,2.793448,0.703712,0.072026,0.08255,0.124611,0.170488,0.301142,1
0.870026,0.870026,0.520553,0.000131,0.008372,0.059447,-0.006837,0.187137,-0.601158,1
0.693643,0.693643,0.475202,0.000129,0.019685,0.16421,-0.034976,0.200584,-0.502702,1
0.678342,0.678342,0.463277,0.000127,0.03465,0.229604,-0.010823,0.043696,2.904548,1
0.681068,0.681068,0.427009,0.000131,0.046665,0.270698,-0.002339,0.093244,2.170995,1
0.630586,0.630586,0.420574,0.000136,0.064839,0.350149,-0.047186,0.08639,2.277827,1
0.58221,0.58221,0.416769,0.000137,0.065701,0.283515,-0.014256,0.096082,2.5867,1
0.338477,0.312256,0.411371,0.000141,0.290593,0.178176,0.019431,0.329227,-1.240326,1
0.689302,0.654949,0.408255,0.000159,0.226655,0.164736,0.112923,-0.132148,-0.670812,1
1.129515,1.075508,1.198832,0.247233,0.128514,0.147521,0.174979,-0.26693,-0.482594,1
0.635921,0.585954,1.491706,0.295689,0.156201,0.17706,0.004427,-0.401016,0.553072,1
0.811598,0.736934,1.525712,0.293161,0.14555,0.186025,0.052199,-0.171061,0.848031,1
